feature,coefficient,odds_ratio,absolute_coefficient
categorical__primary_vendor_SonicWall,6.763067069337695,865.2920407692499,6.763067069337695
categorical__primary_vendor_Linux Kernel,6.3598853816786765,578.1800825652152,6.3598853816786765
categorical__primary_vendor_Trend Micro,5.6959322185220245,297.6541429961524,5.6959322185220245
categorical__primary_vendor_VMware,5.637403991212069,280.73298638991776,5.637403991212069
categorical__primary_cwe_CWE-782,5.6315254824267145,279.08753619825364,5.6315254824267145
categorical__primary_vendor_Apple,5.554151796320931,258.3077739703859,5.554151796320931
categorical__primary_vendor_Atlassian,5.5494062014914745,257.08485397031876,5.5494062014914745
categorical__primary_vendor_Ivanti,5.500929585421129,244.91950007259217,5.500929585421129
categorical__primary_vendor_Spring by VMware,5.445999030439817,231.828768057034,5.445999030439817
categorical__primary_vendor_QNAP Systems Inc.,5.268990540069102,194.2198063438966,5.268990540069102
categorical__primary_vendor_Microsoft,5.218843968315986,184.72051782071333,5.218843968315986
categorical__primary_vendor_Google,5.181772984372861,177.9981192763139,5.181772984372861
categorical__primary_vendor_Joomla! Project,5.019789119618949,151.37937748704744,5.019789119618949
categorical__primary_cwe_CWE-95,4.735440918735778,113.91367432016575,4.735440918735778
categorical__primary_vendor_Zabbix,4.681269322257245,107.90695437836398,4.681269322257245
categorical__primary_vendor_Arm Ltd,4.659577196895897,105.59142833377109,4.659577196895897
categorical__primary_vendor_minio,4.537098821659113,93.41938030844011,4.537098821659113
categorical__primary_vendor_Samsung Mobile,4.351744590198078,77.61374906736813,4.351744590198078
categorical__primary_vendor_ASUS,4.348774923391775,77.38360398928548,4.348774923391775
categorical__primary_vendor_Citrix,4.300350197764975,73.72560772237124,4.300350197764975
categorical__primary_vendor_Hitachi Vantara,4.221140467873083,68.11111855382313,4.221140467873083
categorical__primary_vendor_Apache,4.156110603964425,63.82280706408765,4.156110603964425
categorical__primary_vendor_SolarWinds,4.079398602463512,59.10991060371341,4.079398602463512
numeric__missingindicator_cvss_score,-4.040410407719336,0.017590251758911195,4.040410407719336
categorical__primary_vendor_F5,4.023475234368102,55.8950169722853,4.023475234368102
categorical__primary_vendor_Zyxel,3.9386605688080443,51.34977572594881,3.9386605688080443
categorical__primary_cwe_CWE-703,3.879218094120984,48.38636669175772,3.879218094120984
categorical__primary_vendor_Facebook,3.8442702251465337,46.72457348703094,3.8442702251465337
categorical__primary_vendor_Linux,3.7470310458990843,42.39502607900051,3.7470310458990843
categorical__primary_cwe_CWE-1188,3.714373073769437,41.03285444623542,3.714373073769437
categorical__primary_vendor_grafana,3.6968901040881232,40.321712843085216,3.6968901040881232
"categorical__primary_vendor_McAfee,LLC",3.68459391672031,39.82894529671532,3.68459391672031
"categorical__primary_vendor_Trend Micro, Inc.",3.5438717464939424,34.60062503493256,3.5438717464939424
categorical__primary_cwe_CWE-912,3.5241584430144686,33.925211600843106,3.5241584430144686
categorical__primary_vendor_Drupal,3.491887567277211,32.847891831734906,3.491887567277211
categorical__primary_vendor_Juniper Networks,3.3208459532256027,27.68375982146774,3.3208459532256027
categorical__primary_vendor_Sophos,3.2652106897249444,26.1856274523171,3.2652106897249444
categorical__primary_vendor_metabase,3.252029256523275,25.842728269432847,3.252029256523275
categorical__primary_vendor_Cacti,3.2123580332220523,24.837585077130218,3.2123580332220523
categorical__primary_vendor_Fortinet,3.1716297557755833,23.84631637631986,3.1716297557755833
categorical__primary_vendor_Ubuntu,3.1535315223329703,23.418622105241997,3.1535315223329703
categorical__primary_vendor_Apache Software Foundation,3.092248819009519,22.026556059264706,3.092248819009519
categorical__primary_cwe_CWE-822,3.0876175264160843,21.924780491459433,3.0876175264160843
categorical__primary_vendor_x-stream,3.06836102418464,21.506624935079568,3.06836102418464
categorical__primary_cwe_CWE-303,2.9533584753962145,19.170228475913664,2.9533584753962145
categorical__primary_vendor_xwiki,-2.952702046567067,0.05219847252123111,2.952702046567067
categorical__primary_vendor_octobercms,2.922367722801882,18.58524010214475,2.922367722801882
categorical__primary_cwe_CWE-94,2.919760761574699,18.536852201895154,2.919760761574699
categorical__primary_cwe_CWE-288,2.887947823650302,17.956422019990235,2.887947823650302
categorical__primary_vendor_Cisco,2.8219016895902507,16.80878538975618,2.8219016895902507
categorical__primary_vendor_Palo Alto Networks,2.815362905781635,16.699234929719516,2.815362905781635
categorical__primary_vendor_Mozilla,2.768397087634948,15.933074208543752,2.768397087634948
categorical__primary_cwe_CWE-306,2.7175883946307944,15.143757406023909,2.7175883946307944
categorical__primary_cwe_CWE-502,2.621185567569871,13.752017870588782,2.621185567569871
categorical__primary_cwe_CWE-427,2.6000007413099184,13.463748015807933,2.6000007413099184
categorical__primary_cwe_CWE-362,2.5791531399562033,13.185966761631441,2.5791531399562033
categorical__primary_cwe_CWE-918,2.5434192234500057,12.723099803286017,2.5434192234500057
categorical__primary_cwe_CWE-823,2.5105843755750414,12.312122862534585,2.5105843755750414
categorical__primary_cwe_CWE-134,2.5001056434473514,12.183781029346807,2.5001056434473514
categorical__primary_cwe_CWE-665,2.4712834891968405,11.837630576449644,2.4712834891968405
categorical__primary_vendor_Delta Electronics,2.4697288212419615,11.819241289851933,2.4697288212419615
categorical__primary_vendor_Mitsubishi Electric Corporation,-2.4376770527518885,0.08736355686785907,2.4376770527518885
categorical__primary_cwe_CWE-284,2.41029155539078,11.137207784722532,2.41029155539078
categorical__primary_cwe_CWE-787,2.300930801666206,9.983470762578268,2.300930801666206
categorical__primary_vendor_Siemens,-2.286317166294358,0.10164009698857457,2.286317166294358
categorical__primary_vendor_Huawei,-2.281349218380411,0.1021462960405408,2.281349218380411
categorical__primary_cwe_infrequent_sklearn,2.2696780413316633,9.676284948693294,2.2696780413316633
categorical__primary_vendor_Adobe,2.2536469251953535,9.522400069740348,2.2536469251953535
categorical__primary_cwe_CWE-444,2.2382691266414687,9.377086683301384,2.2382691266414687
categorical__primary_cwe_CWE-917,2.2264153599369054,9.266589085609485,2.2264153599369054
categorical__primary_cwe_CWE-416,2.2186297295404946,9.194722972470549,2.2186297295404946
categorical__primary_cwe_CWE-276,-2.2156636079632746,0.10908110313614208,2.2156636079632746
categorical__primary_cwe_CWE-552,2.1549723992901133,8.627652046361318,2.1549723992901133
categorical__primary_vendor_Hewlett Packard Enterprise (HPE),-2.148612950033317,0.11664583922485998,2.148612950033317
categorical__primary_cwe_CWE-78,2.083557101519981,8.032992323092948,2.083557101519981
categorical__primary_cwe_CWE-532,2.0602589193585836,7.848001546805807,2.0602589193585836
categorical__primary_cwe_CWE-352,2.0285869001293446,7.603334492850557,2.0285869001293446
categorical__primary_vendor_Red Hat,2.023000908560129,7.56098073447554,2.023000908560129
categorical__primary_cwe_CWE-476,-2.0075744517597918,0.13431406512845376,2.0075744517597918
categorical__primary_cwe_CWE-126,-1.9838492078225591,0.13753880165604573,1.9838492078225591
categorical__primary_vendor_GitLab,1.9837127027852626,7.269683116619924,1.9837127027852626
categorical__primary_cwe_CWE-22,1.933074108270482,6.910721928801615,1.933074108270482
categorical__primary_cwe_CWE-400,1.9158446204953172,6.792673606135462,1.9158446204953172
"categorical__primary_vendor_MediaTek, Inc.",-1.9092114483101685,0.14819720168585857,1.9092114483101685
categorical__primary_cwe_CWE-20,1.9031614192550768,6.7070648042691285,1.9031614192550768
categorical__primary_cwe_CWE-129,-1.8913001028342318,0.15087552757009276,1.8913001028342318
"categorical__primary_vendor_Qualcomm, Inc.",1.8707456680375287,6.493136318792054,1.8707456680375287
categorical__primary_cwe_CWE-287,1.8557851711606892,6.396718798491886,1.8557851711606892
categorical__primary_cwe_CWE-367,1.8474395239596377,6.34355618691911,1.8474395239596377
categorical__primary_cwe_CWE-319,-1.8404576360244038,0.15874476215951924,1.8404576360244038
categorical__primary_cwe_CWE-122,1.839214742976888,6.291595800940611,1.839214742976888
categorical__primary_vendor_TIBCO Software Inc.,-1.8250073527829023,0.16121645873579743,1.8250073527829023
categorical__primary_cwe_CWE-77,1.8060849893925288,6.086571733020707,1.8060849893925288
categorical__primary_vendor_NVIDIA,-1.7960066143811595,0.165960310202152,1.7960066143811595
categorical__primary_vendor_Progress Software Corporation,1.7902145812308394,5.990737828367751,1.7902145812308394
numeric__vendor_count,-1.7760207257536362,0.16931054163851667,1.7760207257536362
categorical__primary_vendor_Jenkins Project,-1.7584626492608404,0.1723095605353276,1.7584626492608404
categorical__primary_cwe_CWE-862,-1.7576450714049168,0.1724504946208285,1.7576450714049168
categorical__primary_cwe_CWE-191,-1.7396437565091232,0.175582939756152,1.7396437565091232
categorical__primary_vendor_JetBrains,1.7317462934932466,5.650512751357482,1.7317462934932466
"categorical__primary_vendor_abode systems, inc.",-1.7250915493556278,0.1781567408914551,1.7250915493556278
categorical__user_interaction_REQUIRED,-1.713802206073072,0.18017940931431048,1.713802206073072
categorical__primary_vendor_Foxit,-1.7101177119052957,0.18084450381306774,1.7101177119052957
categorical__primary_cwe_CWE-732,-1.6782098464996378,0.18670791287491162,1.6782098464996378
categorical__primary_vendor_SAP SE,1.66191687085102,5.269401932667619,1.66191687085102
categorical__primary_vendor_CentOS Web Panel,-1.6579769709715289,0.1905240261260308,1.6579769709715289
categorical__primary_cwe_CWE-269,1.649302618624003,5.203349842312219,1.649302618624003
categorical__primary_cwe_CWE-591,1.621915668090278,5.0627796382396335,1.621915668090278
categorical__primary_vendor_CODESYS,-1.6210111077285145,0.19769870330518552,1.6210111077285145
categorical__primary_cwe_CWE-680,-1.6151583720738956,0.1988591742069912,1.6151583720738956
categorical__primary_vendor_HP Inc.,-1.5982935339723012,0.20224134167499402,1.5982935339723012
categorical__primary_vendor_Synology,-1.586651085480706,0.20460968598997242,1.586651085480706
categorical__primary_cwe_None,1.5834451562769147,4.8717107378227515,1.5834451562769147
categorical__primary_vendor_Schneider Electric,-1.5703532452721505,0.20797170435860102,1.5703532452721505
categorical__primary_cwe_CWE-190,1.5648812665145577,4.782107105941274,1.5648812665145577
categorical__primary_vendor_Oracle Corporation,1.5621127775145294,4.768886204426059,1.5621127775145294
categorical__primary_cwe_CWE-250,-1.5500181191957125,0.21224412809900656,1.5500181191957125
categorical__primary_vendor_Bentley,-1.5496185142194863,0.2123289588570374,1.5496185142194863
categorical__primary_cwe_CWE-788,-1.5431419924821452,0.21370857470819937,1.5431419924821452
categorical__primary_vendor_vim,-1.541051471215474,0.21415580433714554,1.541051471215474
categorical__primary_cwe_CWE-863,1.5114893276291756,4.53347760241283,1.5114893276291756
categorical__primary_vendor_Rockwell Automation,-1.4916900245221207,0.22499209189648595,1.4916900245221207
categorical__primary_cwe_CWE-200,1.472734928216919,4.361146267585626,1.472734928216919
categorical__primary_cwe_CWE-522,1.4665643573961502,4.334318362550517,1.4665643573961502
categorical__primary_vendor_Lenovo,-1.4431912484978902,0.23617286848986926,1.4431912484978902
"categorical__primary_vendor_Unisoc (Shanghai) Technologies Co., Ltd.",-1.4350820649023965,0.23809582390236972,1.4350820649023965
categorical__primary_cwe_CWE-79,1.4325326682219497,4.189295863838545,1.4325326682219497
categorical__primary_cwe_CWE-264,-1.4260475867589517,0.24025664165236296,1.4260475867589517
categorical__primary_cwe_CWE-274,-1.4232546080174413,0.2409286113066633,1.4232546080174413
categorical__primary_vendor_Jenkins project,-1.415542289935798,0.2427939130465505,1.415542289935798
categorical__primary_vendor_Bosch,-1.3983312967970856,0.24700880460951902,1.3983312967970856
categorical__primary_vendor_WAGO,-1.3887531747600022,0.24938605169152525,1.3887531747600022
categorical__primary_cwe_CWE-307,-1.383731997493514,0.2506414123214514,1.383731997493514
categorical__primary_vendor_SAP,-1.3817873236703675,0.25112930235472075,1.3817873236703675
categorical__primary_cwe_CWE-611,-1.3786380654941788,0.2519214200002541,1.3786380654941788
categorical__primary_cwe_CWE-290,1.3785282256981621,3.969055772371974,1.3785282256981621
categorical__primary_vendor_HCL Software,-1.3737722791840827,0.25315020286996903,1.3737722791840827
categorical__primary_cwe_CWE-843,-1.3654971803038671,0.25525373730430967,1.3654971803038671
categorical__primary_cwe_CWE-908,-1.3607847023930266,0.25645945362746275,1.3607847023930266
categorical__primary_cwe_CWE-613,-1.336654757187382,0.26272307266779155,1.336654757187382
categorical__attack_complexity_HIGH,-1.3254264659489972,0.26568962734551493,1.3254264659489972
categorical__primary_vendor_AMD,-1.3236837442307545,0.266153054124069,1.3236837442307545
categorical__primary_cwe_CWE-295,-1.319656647028732,0.2672270394137723,1.319656647028732
categorical__primary_cwe_CWE-131,-1.308859011469722,0.2701280936743496,1.308859011469722
categorical__primary_cwe_CWE-74,1.2983816479498442,3.6633632563037546,1.2983816479498442
categorical__primary_cwe_CWE-321,-1.2860773326230839,0.2763526994220316,1.2860773326230839
categorical__primary_cwe_CWE-434,1.2843697822300268,3.6123906469143416,1.2843697822300268
categorical__primary_cwe_CWE-770,-1.2815335808055783,0.2776112345727167,1.2815335808055783
categorical__primary_cwe_CWE-639,-1.274428677170622,0.2795906591259734,1.274428677170622
categorical__primary_vendor_tensorflow,-1.272859547019629,0.28002971763903306,1.272859547019629
categorical__primary_cwe_CWE-415,1.2712112546660936,3.5651682748227316,1.2712112546660936
categorical__primary_cwe_CWE-601,-1.2672951743159322,0.2815922505822916,1.2672951743159322
categorical__primary_cwe_CWE-664,1.2671591151450474,3.5507509457990123,1.2671591151450474
categorical__primary_cwe_CWE-285,-1.2627645290218041,0.2828709396432671,1.2627645290218041
categorical__primary_cwe_CWE-754,-1.2562898949733183,0.28470836737761507,1.2562898949733183
categorical__primary_vendor_D-Link,-1.2414104760823,0.2889763361424333,1.2414104760823
categorical__primary_vendor_mySCADA,-1.24060270104039,0.2892098583184667,1.24060270104039
categorical__privileges_required_HIGH,-1.2271587732399918,0.29312422806852334,1.2271587732399918
categorical__primary_vendor_infrequent_sklearn,1.2107942952766528,3.3561493677141074,1.2107942952766528
categorical__primary_cwe_CWE-119,1.2073636935594307,3.3446554826735047,1.2073636935594307
categorical__attack_vector_ADJACENT_NETWORK,-1.182825575097939,0.306411724932174,1.182825575097939
categorical__primary_vendor_Zoom Video Communications Inc,-1.1825007568458599,0.3065112692191085,1.1825007568458599
categorical__primary_vendor_Insteon,-1.1662111250039975,0.31154511337280644,1.1662111250039975
categorical__primary_vendor_Parallels,-1.165550924692254,0.31175086346444136,1.165550924692254
categorical__primary_cwe_CWE-472,-1.162145159224987,0.3128144238802468,1.162145159224987
categorical__primary_cwe_CWE-489,-1.1545894917128754,0.31518689718315007,1.1545894917128754
categorical__primary_cwe_CWE-426,-1.1544986078706354,0.31521554388113104,1.1544986078706354
categorical__primary_cwe_CWE-59,1.1528962483307916,3.1673530792925835,1.1528962483307916
categorical__primary_cwe_CWE-88,-1.1425483079143597,0.31900506202241824,1.1425483079143597
categorical__primary_cwe_CWE-305,-1.141714324492588,0.3192712179249848,1.141714324492588
categorical__primary_cwe_CWE-73,-1.1382877052373497,0.3203671153672989,1.1382877052373497
categorical__primary_vendor_Moxa,-1.127804907014986,0.32374312328419896,1.127804907014986
categorical__primary_vendor_InHand Networks,-1.1269664990528494,0.3240146659122919,1.1269664990528494
categorical__primary_cwe_CWE-399,-1.1266209020640383,0.3241266637571061,1.1266209020640383
categorical__primary_vendor_ScienceLogic,-1.1253246850081895,0.32454707467996396,1.1253246850081895
categorical__primary_cwe_CWE-401,-1.1148206488589552,0.3279740961533384,1.1148206488589552
categorical__primary_cwe_CWE-693,-1.1050666314856952,0.33118881390405003,1.1050666314856952
categorical__primary_vendor_SAP_SE,-1.0968225459560337,0.33393044841915637,1.0968225459560337
categorical__primary_vendor_NETGEAR,-1.0903715085011425,0.3360916096202832,1.0903715085011425
categorical__primary_cwe_CWE-209,-1.08408217466604,0.33821206308254775,1.08408217466604
categorical__primary_vendor_ABB,-1.081257118120918,0.339168882182669,1.081257118120918
categorical__primary_cwe_CWE-345,-1.0804274756993957,0.33945038783375625,1.0804274756993957
categorical__primary_cwe_CWE-280,-1.0802556560194299,0.3395087171016727,1.0802556560194299
categorical__primary_cwe_CWE-170,-1.0736473048823418,0.34175973949969773,1.0736473048823418
categorical__primary_vendor_Accusoft,-1.0624115359096387,0.3456213263008569,1.0624115359096387
categorical__primary_vendor_SICK AG,-1.062280663467897,0.34566656156770825,1.062280663467897
categorical__primary_vendor_IBM,1.050036802019121,2.857756287329461,1.050036802019121
categorical__primary_cwe_CWE-201,-1.049837833453284,0.3499945019090725,1.049837833453284
categorical__integrity_impact_None,-1.0444584833063089,0.35188231794371627,1.0444584833063089
categorical__availability_impact_None,-1.0444584833063089,0.35188231794371627,1.0444584833063089
categorical__scope_None,-1.0444584833063089,0.35188231794371627,1.0444584833063089
categorical__confidentiality_impact_None,-1.0444584833063089,0.35188231794371627,1.0444584833063089
categorical__confidentiality_impact_NONE,-1.0430672458490717,0.35237221050440193,1.0430672458490717
categorical__primary_vendor_PDF-XChange,-1.0427214581632407,0.35249407754447,1.0427214581632407
categorical__primary_vendor_IDAttend Pty Ltd,-1.0401969972871623,0.35338505920327157,1.0401969972871623
categorical__primary_vendor_SUSE,-1.0350803816213143,0.3551978284000836,1.0350803816213143
categorical__primary_cwe_CWE-121,1.031947563727228,2.806526404594248,1.031947563727228
categorical__primary_vendor_QSAN,-1.0189772448859737,0.3609639291527509,1.0189772448859737
categorical__primary_vendor_Milesight,-1.010049661289802,0.3642008924363464,1.010049661289802
categorical__primary_vendor_Johnson Controls,-1.0010757398247603,0.36748391138757663,1.0010757398247603
categorical__primary_vendor_zephyrproject-rtos,-0.9947186936083416,0.36982746474224254,0.9947186936083416
categorical__primary_cwe_CWE-312,-0.9803510280264582,0.3751793772574,0.9803510280264582
categorical__primary_cwe_CWE-682,-0.9662219737213098,0.38051793261099287,0.9662219737213098
categorical__primary_vendor_usememos,-0.9609432932745554,0.38253187598681254,0.9609432932745554
categorical__primary_vendor_Bitdefender,-0.958736292743287,0.38337705635404,0.958736292743287
categorical__primary_cwe_CWE-266,-0.9572156418334486,0.3839604825049243,0.9572156418334486
categorical__primary_cwe_CWE-326,-0.9533995875769434,0.38542849576617744,0.9533995875769434
categorical__integrity_impact_NONE,-0.9510319970642722,0.38634211372590077,0.9510319970642722
categorical__primary_cwe_CWE-327,-0.9486549429600263,0.3872615621894114,0.9486549429600263
categorical__scope_UNCHANGED,-0.9470005599398172,0.38790277139884316,0.9470005599398172
categorical__primary_vendor_Esri,-0.946534468837194,0.3880836115699986,0.946534468837194
categorical__primary_cwe_CWE-755,-0.944384036780077,0.3889190569714973,0.944384036780077
categorical__primary_cwe_CWE-824,-0.9432202239999902,0.3893719494303171,0.9432202239999902
categorical__primary_vendor_Siretta,-0.9389731197241961,0.3910291694035715,0.9389731197241961
categorical__primary_vendor_thorsten,-0.936920291558634,0.3918327095788481,0.936920291558634
categorical__primary_cwe_CWE-798,-0.9310008342947784,0.3941590250273886,0.9310008342947784
categorical__primary_cwe_CWE-681,-0.9309898541645579,0.3941633529685716,0.9309898541645579
categorical__primary_cwe_CWE-749,-0.9296253993054158,0.3947015381520231,0.9296253993054158
categorical__primary_vendor_Honeywell,-0.9270094133418247,0.39573542356088925,0.9270094133418247
categorical__primary_cwe_CWE-36,-0.9234957704595649,0.3971283421914135,0.9234957704595649
categorical__primary_vendor_glpi-project,-0.9229134578434662,0.39735966237907727,0.9229134578434662
categorical__primary_cwe_CWE-1321,-0.9166120842472152,0.3998714797020333,0.9166120842472152
categorical__primary_vendor_HGiga,-0.9130626827797209,0.40129330594225865,0.9130626827797209
categorical__primary_vendor_Advantech,-0.9025774188204382,0.4055231087272645,0.9025774188204382
categorical__primary_cwe_CWE-610,0.8961026102017077,2.450035735091036,0.8961026102017077
categorical__availability_impact_LOW,-0.8928703383057672,0.40947872186127776,0.8928703383057672
categorical__primary_vendor_Dell,-0.8834396107900649,0.4133586707244821,0.8834396107900649
categorical__primary_cwe_CWE-80,-0.8733262090386182,0.4175603438204741,0.8733262090386182
categorical__primary_vendor_nextcloud,-0.8731215388435397,0.41764581472387574,0.8731215388435397
categorical__primary_cwe_CWE-926,-0.8706927469578998,0.41866142234025916,0.8706927469578998
categorical__attack_vector_PHYSICAL,-0.869883002676318,0.4190005683251479,0.869883002676318
categorical__primary_vendor_jgraph,-0.8686756222117832,0.41950676695164574,0.8686756222117832
categorical__primary_vendor_OpenText,-0.8577461050880599,0.4241169208306254,0.8577461050880599
categorical__primary_vendor_Eaton,-0.8520395220924547,0.4265440980966759,0.8520395220924547
categorical__primary_vendor_unspecified,-0.8443761741530097,0.42982541079392783,0.8443761741530097
categorical__primary_vendor_discourse,-0.8392418135881198,0.4320379645968457,0.8392418135881198
categorical__primary_vendor_envoyproxy,-0.8386103502987909,0.4323108668658989,0.8386103502987909
categorical__primary_vendor_PHOENIX CONTACT,-0.8249889613134582,0.4382398300303628,0.8249889613134582
categorical__primary_vendor_mlflow,-0.8240204286588847,0.4386644852292997,0.8240204286588847
categorical__primary_cwe_CWE-1236,-0.8223165713397602,0.43941254403485713,0.8223165713397602
categorical__primary_vendor_ECOA,-0.8211360550845153,0.4399315839931241,0.8211360550845153
categorical__primary_vendor_OpenImageIO Project,-0.8180363003772616,0.4412973797137319,0.8180363003772616
categorical__primary_cwe_CWE-835,-0.8178241316801774,0.4413910191371384,0.8178241316801774
categorical__primary_cwe_CWE-668,-0.8146402470660488,0.44279859680515865,0.8146402470660488
categorical__primary_vendor_TP-Link,-0.8133203870420811,0.44338341482581656,0.8133203870420811
categorical__primary_cwe_CWE-91,-0.8094652624573153,0.4450960121457557,0.8094652624573153
categorical__primary_vendor_Kubernetes,-0.7999902678345852,0.4493333370823052,0.7999902678345852
categorical__primary_cwe_CWE-347,0.7989458905763148,2.2231962008438133,0.7989458905763148
categorical__primary_vendor_Weintek,-0.7988492136039423,0.4498463434159141,0.7988492136039423
categorical__primary_vendor_theonedev,-0.7981670585329247,0.4501533130688031,0.7981670585329247
categorical__primary_vendor_Elastic,-0.7839758557570315,0.45658707343947075,0.7839758557570315
categorical__primary_vendor_None,-0.7799243060353153,0.4584407111869238,0.7799243060353153
categorical__primary_vendor_microweber,-0.7789555667886906,0.4588850358787364,0.7789555667886906
categorical__privileges_required_LOW,-0.7785086413645869,0.45909016910422384,0.7785086413645869
categorical__primary_vendor_Western Digital,-0.7781086124569921,0.45927385518047875,0.7781086124569921
categorical__primary_cwe_CWE-521,-0.7775521385172202,0.4595295002354138,0.7775521385172202
categorical__primary_cwe_CWE-267,-0.7765559557489162,0.45998750369477653,0.7765559557489162
categorical__primary_vendor_Robustel,-0.7756438059467016,0.46040727262226044,0.7756438059467016
categorical__primary_vendor_Akuvox,-0.772569629706764,0.4618248235046838,0.772569629706764
categorical__primary_vendor_PrestaShop,-0.7681882005584666,0.4638527155363171,0.7681882005584666
categorical__primary_vendor_Sielco,-0.7662675308047536,0.4647444795351543,0.7662675308047536
categorical__primary_vendor_gogs,-0.7656827220618488,0.4650163456570975,0.7656827220618488
categorical__primary_vendor_WWBN,-0.7571528765475466,0.4689998283405493,0.7571528765475466
categorical__primary_vendor_Octopus Deploy,-0.755788056782111,0.4696403655857716,0.755788056782111
categorical__primary_cwe_CWE-330,-0.7548343972711027,0.47008845621615136,0.7548343972711027
categorical__primary_vendor_pimcore,-0.7509011268834974,0.471941082271705,0.7509011268834974
categorical__attack_complexity_LOW,-0.7460794602988523,0.47422211959952965,0.7460794602988523
categorical__primary_cwe_CWE-89,-0.7456194450833327,0.4744403191737957,0.7456194450833327
categorical__primary_vendor_Devolutions,-0.7449296299391338,0.4747677081969512,0.7449296299391338
categorical__primary_vendor_Yifan,-0.7361828759585162,0.47893859882421314,0.7361828759585162
categorical__primary_cwe_CWE-457,-0.7350139642743312,0.47949876307587347,0.7350139642743312
categorical__primary_vendor_OpenSSL,-0.7312463276606604,0.481308747712969,0.7312463276606604
categorical__primary_vendor_Splunk,-0.729583930598849,0.48210953939343965,0.729583930598849
categorical__primary_vendor_TCL,-0.7247667188685513,0.48443756591831405,0.7247667188685513
categorical__primary_cwe_CWE-1336,-0.7241512385085508,0.48473581950097916,0.7241512385085508
categorical__primary_vendor_Dataprobe,-0.7232030511443498,0.48519565785201074,0.7232030511443498
categorical__primary_vendor_Open Babel,-0.7129401934633363,0.49020079139167017,0.7129401934633363
categorical__primary_vendor_Combodo,-0.7124285463777664,0.4904516653719273,0.7124285463777664
categorical__primary_vendor_Emerson,-0.7121226906191921,0.49060169578074636,0.7121226906191921
categorical__primary_cwe_CWE-252,-0.7116253824795633,0.4908457366741055,0.7116253824795633
categorical__primary_vendor_Canonical,-0.7088999180699748,0.4921853439567607,0.7088999180699748
categorical__primary_cwe_CWE-259,-0.7081836997616912,0.4925379823791442,0.7081836997616912
categorical__primary_vendor_Hitachi Energy,-0.7075762938428886,0.49283724374223714,0.7075762938428886
categorical__primary_vendor_shopware,-0.7062865096604684,0.4934733075280518,0.7062865096604684
categorical__primary_cwe_CWE-256,-0.7051060277549304,0.49405618781057914,0.7051060277549304
categorical__primary_cwe_CWE-384,-0.7045870810328823,0.4943126431873342,0.7045870810328823
categorical__primary_cwe_CWE-704,-0.7045408247365341,0.49433550878828103,0.7045408247365341
categorical__primary_cwe_CWE-697,-0.7028742525457422,0.4951600414809341,0.7028742525457422
categorical__primary_cwe_CWE-922,-0.6975419988108192,0.4978074124155761,0.6975419988108192
categorical__primary_vendor_GE,-0.6955217366745151,0.49881413045681455,0.6955217366745151
categorical__primary_vendor_getgrav,-0.6877579812931393,0.5027018735615998,0.6877579812931393
categorical__primary_vendor_Odoo,-0.685943547631408,0.5036148207533987,0.685943547631408
categorical__primary_vendor_Go standard library,-0.6829845784441324,0.5051072083658606,0.6829845784441324
"categorical__primary_vendor_Contec Co., Ltd.",-0.6827136146587349,0.5052440926715783,0.6827136146587349
categorical__primary_vendor_PTC,-0.6757304037680542,0.5087846666211919,0.6757304037680542
categorical__primary_cwe_CWE-617,-0.6745991406976708,0.5093605616082663,0.6745991406976708
categorical__primary_cwe_CWE-359,-0.674040431095525,0.5096452257598837,0.674040431095525
categorical__primary_vendor_Rexroth,-0.670808478095378,0.5112950398009118,0.670808478095378
categorical__primary_vendor_froxlor,-0.6632731789907409,0.5151623532392167,0.6632731789907409
categorical__primary_vendor_Micro Focus,-0.6629451541392155,0.5153313670124929,0.6629451541392155
categorical__primary_vendor_Rapid7,-0.6625919027147853,0.5155134407089466,0.6625919027147853
categorical__primary_vendor_Chamilo,-0.6605694385863429,0.5165571031797187,0.6605694385863429
categorical__primary_cwe_CWE-16,-0.6598492523847425,0.5169292544707945,0.6598492523847425
categorical__primary_cwe_CWE-203,-0.6563770953038076,0.5187272336687988,0.6563770953038076
categorical__primary_vendor_SourceCodester,-0.6502913212900036,0.5218937158622532,0.6502913212900036
categorical__primary_vendor_GitHub,-0.6468055417577502,0.5237160966585971,0.6468055417577502
categorical__primary_cwe_CWE-35,-0.6464442116773848,0.5239053652300463,0.6464442116773848
categorical__primary_cwe_CWE-281,-0.6461128728422728,0.5240789841852332,0.6461128728422728
categorical__primary_cwe_CWE-404,-0.6439771061815293,0.5251994907516038,0.6439771061815293
categorical__primary_vendor_answerdev,-0.6332589218197707,0.5308589511103883,0.6332589218197707
categorical__primary_vendor_NodeJS,-0.6307221633885342,0.5322073215523788,0.6307221633885342
categorical__primary_vendor_Pegasystems,-0.6296151193626558,0.532796824731013,0.6296151193626558
categorical__primary_vendor_Gallagher,-0.6286282901387417,0.5333228637207007,0.6286282901387417
categorical__primary_vendor_Open Automation Software,-0.6275840699624486,0.5338800610832097,0.6275840699624486
categorical__primary_cwe_CWE-248,-0.623154423824964,0.5362502064106797,0.623154423824964
categorical__primary_vendor_NEC Corporation,-0.6221043779093394,0.5368135894869578,0.6221043779093394
categorical__primary_vendor_OpenZeppelin,-0.6211424270815915,0.5373302262134353,0.6211424270815915
categorical__primary_vendor_ISC,-0.6201060128382498,0.5378874116008215,0.6201060128382498
categorical__primary_vendor_matrix-org,-0.6149142330158279,0.5406872664369547,0.6149142330158279
categorical__primary_vendor_Carlo Gavazzi,-0.6130234466973401,0.541710557630547,0.6130234466973401
categorical__primary_vendor_AMI,-0.609385429915536,0.5436848988958548,0.609385429915536
categorical__primary_vendor_Fidelis Cybersecurity,-0.6049387640759274,0.5461078670357035,0.6049387640759274
categorical__primary_vendor_janeczku,-0.6023200485737359,0.5475398423225853,0.6023200485737359
categorical__primary_vendor_openemr,-0.6009800571894282,0.5482740327884542,0.6009800571894282
categorical__primary_vendor_OMRON Corporation,-0.5984977187892523,0.5496367251058549,0.5984977187892523
categorical__confidentiality_impact_LOW,-0.5981220793492741,0.5498432291205632,0.5981220793492741
categorical__primary_vendor_radareorg,-0.5888690535678202,0.5549545538364554,0.5888690535678202
categorical__primary_vendor_Marvell,-0.5855188248914601,0.5568168963915958,0.5855188248914601
categorical__primary_vendor_Ping Identity,-0.5846461433634323,0.5573030323016326,0.5846461433634323
categorical__primary_vendor_AVEVA,-0.5819483292575898,0.5588085621901608,0.5819483292575898
categorical__primary_vendor_librenms,-0.5819386717027267,0.5588139589405678,0.5819386717027267
categorical__primary_cwe_CWE-354,-0.5771692651834298,0.5614855357330508,0.5771692651834298
categorical__primary_vendor_OpenMage,-0.5766639584968485,0.5617693298241628,0.5766639584968485
categorical__primary_vendor_Weidmüller,-0.5730233118116438,0.5638182609266535,0.5730233118116438
categorical__primary_vendor_Geutebrück,-0.5729866080533624,0.5638389555556003,0.5729866080533624
categorical__primary_vendor_azure-rtos,-0.5712139494894677,0.564839335913268,0.5712139494894677
categorical__primary_vendor_Google LLC,-0.5687710227037419,0.5662208838797914,0.5687710227037419
categorical__primary_vendor_Motorola,-0.5670384299796094,0.5672027644173673,0.5670384299796094
categorical__primary_vendor_Canonical Ltd.,-0.5627694727831006,0.5696293044530771,0.5627694727831006
categorical__primary_vendor_mruby,-0.5572299795979094,0.5727935180816828,0.5572299795979094
categorical__primary_vendor_wireapp,-0.5496329908625088,0.5771615950938555,0.5496329908625088
categorical__primary_cwe_CWE-602,-0.5495782901843717,0.5771931670879986,0.5495782901843717
categorical__primary_vendor_Canon Inc.,-0.5472591911950193,0.5785332885149547,0.5472591911950193
categorical__primary_cwe_CWE-257,-0.5470602119713307,0.5786484160731976,0.5470602119713307
categorical__primary_vendor_Mobile Industrial Robots A/S,-0.5463368886308287,0.5790671173884496,0.5463368886308287
categorical__primary_cwe_CWE-640,-0.544432924066558,0.5801706909093519,0.544432924066558
categorical__primary_vendor_TYPO3,-0.5433401594008466,0.580805027467624,0.5433401594008466
categorical__primary_vendor_hestiacp,-0.5416536426955844,0.5817853913165788,0.5416536426955844
categorical__primary_vendor_jupyterhub,-0.5412022070881572,0.582048089249239,0.5412022070881572
categorical__primary_vendor_Hewlett Packard Enterprise,-0.538273969862835,0.5837549619755925,0.538273969862835
categorical__primary_cwe_CWE-840,-0.5377781550494819,0.5840444680978896,0.5377781550494819
categorical__primary_cwe_CWE-113,-0.5376110099479712,0.5841420964286179,0.5376110099479712
categorical__primary_vendor_Axis Communications AB,-0.5371135039050489,0.5844327829546724,0.5371135039050489
categorical__primary_vendor_parse-community,-0.5338208418028224,0.5863602942105923,0.5338208418028224
categorical__primary_cwe_CWE-670,-0.5318692244143339,0.5875057625510859,0.5318692244143339
categorical__primary_vendor_Secomea,-0.5298782810340509,0.5886766184270343,0.5298782810340509
categorical__primary_vendor_Projectworlds Pvt. Limited,-0.5275986998030614,0.5900200852866657,0.5275986998030614
categorical__primary_cwe_CWE-494,-0.523381187226704,0.5925137572668046,0.523381187226704
categorical__primary_vendor_Hitachi,-0.522118794877896,0.593262214424439,0.522118794877896
categorical__primary_cwe_CWE-497,-0.520488422016038,0.5942302419472765,0.520488422016038
categorical__primary_vendor_OpenHarmony,-0.5200779816855723,0.5944741880633916,0.5200779816855723
categorical__primary_vendor_Ormazabal,-0.5191653257129751,0.5950169861379583,0.5191653257129751
categorical__primary_cwe_CWE-459,-0.5190194793539745,0.5951037735275886,0.5190194793539745
categorical__primary_vendor_PHP Group,-0.5188199833922736,0.5952225061701478,0.5188199833922736
categorical__primary_vendor_Horner Automation,-0.516784734792682,0.5964351655553403,0.516784734792682
categorical__primary_vendor_Honor,-0.514547572701778,0.5977709813585057,0.514547572701778
categorical__primary_cwe_CWE-302,-0.5131661609258604,0.5985973198569141,0.5131661609258604
categorical__primary_cwe_CWE-255,-0.5109799353246911,0.5999074202080295,0.5109799353246911
categorical__primary_cwe_CWE-275,-0.5083836474707302,0.6014669762087248,0.5083836474707302
categorical__primary_vendor_argoproj,-0.5053393259690534,0.6033008250533537,0.5053393259690534
categorical__primary_cwe_CWE-789,-0.503132769012605,0.6046335124703256,0.503132769012605
categorical__primary_vendor_openSUSE,-0.49875951813669983,0.6072835168518148,0.49875951813669983
categorical__primary_cwe_CWE-1333,-0.498110634269753,0.6076777012046652,0.498110634269753
categorical__primary_cwe_CWE-184,-0.49639885056635974,0.6087188048083736,0.49639885056635974
categorical__primary_vendor_Liferay,-0.4942892409845334,0.6100043193217427,0.4942892409845334
categorical__primary_cwe_CWE-213,-0.4927215208487536,0.6109613853859073,0.4927215208487536
categorical__primary_vendor_star7th,-0.49090941038513397,0.6120695186319222,0.49090941038513397
categorical__primary_cwe_CWE-1286,-0.49048182848670524,0.6123312844378411,0.49048182848670524
categorical__primary_vendor_codeigniter4,-0.48885131970220796,0.6133305103781012,0.48885131970220796
categorical__primary_vendor_polonel,-0.4805789630680799,0.6184252427626826,0.4805789630680799
categorical__primary_vendor_Philips,-0.4791333940421332,0.6193198656022285,0.4791333940421332
categorical__primary_vendor_git,-0.4758711386438354,0.6213435442606586,0.4758711386438354
categorical__primary_vendor_Arista Networks,-0.47543946510134844,0.621611819729056,0.47543946510134844
categorical__primary_vendor_baserproject,-0.47366226856813987,0.6227175283398099,0.47366226856813987
categorical__primary_cwe_CWE-328,-0.47344024537961604,0.6228558014203486,0.47344024537961604
categorical__primary_vendor_Dassault Systèmes,-0.4667555511625702,0.6270333492528958,0.4667555511625702
categorical__primary_vendor_ikus060,-0.4661706215898719,0.6274002268902713,0.4661706215898719
categorical__primary_vendor_Wireshark Foundation,-0.4653628540796053,0.6279072251502807,0.4653628540796053
categorical__primary_cwe_CWE-379,-0.4641567444731798,0.6286650069785876,0.4641567444731798
categorical__primary_vendor_fastify,-0.46160072925025314,0.6302739396587995,0.46160072925025314
categorical__primary_cwe_CWE-913,-0.46101398338924227,0.6306438587978466,0.46101398338924227
"categorical__primary_vendor_FUJI ELECTRIC CO., LTD. and Hakko Electronics Co., Ltd.",-0.4607716775688518,0.6307966859901382,0.4607716775688518
categorical__primary_cwe_CWE-428,-0.4569769889715853,0.6331949103611948,0.4569769889715853
categorical__primary_vendor_Mattermost,-0.4568759219273678,0.6332589087332072,0.4568759219273678
categorical__primary_cwe_CWE-23,0.45674989598435467,1.5789339371444526,0.45674989598435467
categorical__primary_vendor_livehelperchat,-0.45590643297352035,0.6338731439491676,0.45590643297352035
categorical__primary_cwe_CWE-115,-0.4558141817435551,0.6339316222236437,0.4558141817435551
categorical__primary_cwe_CWE-763,-0.45398816712654777,0.6350902481440037,0.45398816712654777
categorical__primary_vendor_Danfoss,-0.45343768884941255,0.635439947771821,0.45343768884941255
categorical__primary_vendor_Lansweeper,-0.4526711692788239,0.6359272116525145,0.4526711692788239
categorical__primary_vendor_dataease,-0.4517274519506026,0.6365276304498888,0.4517274519506026
categorical__primary_cwe_CWE-378,-0.4508134310164373,0.63710969599882,0.4508134310164373
categorical__primary_vendor_Ansys,-0.4500297100361798,0.6376092079477294,0.4500297100361798
categorical__primary_vendor_LG Electronics,-0.449227717882591,0.6381207706367713,0.449227717882591
categorical__primary_vendor_Lanner Inc,-0.4445658873568377,0.6411025263442092,0.4445658873568377
categorical__primary_vendor_Vaadin,-0.4429516499440976,0.6421382537577014,0.4429516499440976
categorical__primary_vendor_FreeRDP,-0.4405391878439439,0.6436892580752838,0.4405391878439439
categorical__primary_vendor_pjsip,-0.4403461883157242,0.6438135017875156,0.4403461883157242
categorical__primary_vendor_Phoenix Contact,-0.43723340418644463,0.6458206765682997,0.43723340418644463
categorical__primary_vendor_busybox,-0.43613738989290374,0.6465288932978167,0.43613738989290374
categorical__primary_vendor_libtiff,-0.43425739758635784,0.6477455058960085,0.43425739758635784
categorical__primary_vendor_Netgear,-0.43348093719630076,0.6482486499346041,0.43348093719630076
categorical__primary_vendor_WordPress,-0.4327016488524499,0.6487540194401222,0.4327016488524499
categorical__primary_cwe_CWE-311,-0.4295687407279667,0.6507896933029786,0.4295687407279667
categorical__scope_CHANGED,-0.4243680059686548,0.6541830943226378,0.4243680059686548
categorical__primary_cwe_CWE-377,-0.42406815866094383,0.6543792787734403,0.42406815866094383
categorical__primary_cwe_CWE-92,-0.42406124797254136,0.6543838010003588,0.42406124797254136
categorical__primary_cwe_CWE-829,-0.42263760041793397,0.6553160763567341,0.42263760041793397
categorical__primary_cwe_CWE-98,-0.421989903876912,0.6557406597984367,0.421989903876912
categorical__primary_vendor_AUVESY,-0.4156658060191026,0.6599007685026047,0.4156658060191026
categorical__primary_vendor_Zscaler,-0.4129986312381941,0.6616631884865294,0.4129986312381941
categorical__primary_vendor_nilsteampassnet,-0.41114351303421126,0.6628917911616408,0.41114351303421126
categorical__primary_cwe_CWE-125,0.41089374892923053,1.5081651038875148,0.41089374892923053
categorical__primary_vendor_Fuji Electric,-0.4103597054520129,0.6634115744521615,0.4103597054520129
"categorical__primary_vendor_Zoom Video Communications, Inc.",-0.408726353587811,0.6644960444034351,0.408726353587811
categorical__primary_vendor_miniOrange,-0.4078722805853735,0.6650638149594255,0.4078722805853735
categorical__primary_vendor_FATEK Automation,-0.40477618240896107,0.6671261087086789,0.40477618240896107
categorical__primary_vendor_Ovarro,-0.4034950921273743,0.6679813051581067,0.4034950921273743
categorical__primary_cwe_CWE-75,-0.4016938899438632,0.6691855587700368,0.4016938899438632
categorical__primary_cwe_CWE-772,-0.39941351645382517,0.670713293018481,0.39941351645382517
categorical__primary_vendor_Silicon Labs,-0.3980163949191804,0.6716510159076183,0.3980163949191804
categorical__primary_cwe_CWE-648,-0.39772961367579335,0.6718436604431819,0.39772961367579335
categorical__primary_vendor_ASUSTOR,-0.39548138378113123,0.6733558186478318,0.39548138378113123
categorical__primary_vendor_Avaya,-0.3930870111848116,0.6749700150902529,0.3930870111848116
categorical__primary_vendor_OTRS AG,-0.39297173774955607,0.6750478256872481,0.39297173774955607
categorical__primary_vendor_bytecodealliance,-0.3902249009847299,0.67690462086201,0.3902249009847299
categorical__primary_vendor_Schweitzer Engineering Laboratories,-0.3900134373629217,0.6770477767003488,0.3900134373629217
categorical__primary_vendor_Snap One,-0.3899724965904536,0.6770754961267482,0.3899724965904536
categorical__primary_vendor_gpac,-0.38949905598143486,0.6773961270558483,0.38949905598143486
categorical__primary_vendor_M-Files,-0.38245627284187383,0.6821837202796799,0.38245627284187383
categorical__primary_vendor_JTEKT ELECTRONICS CORPORATION,-0.38091793598250895,0.6832339562426777,0.38091793598250895
categorical__primary_vendor_[UNKNOWN],-0.38042345971420066,0.6835718827611785,0.38042345971420066
categorical__primary_vendor_Panasonic,-0.3799039010703697,0.6839271307196293,0.3799039010703697
categorical__primary_cwe_CWE-193,-0.37913680208255246,0.6844519718061417,0.37913680208255246
categorical__primary_vendor_home-assistant,-0.3783797652198023,0.6849703233604424,0.3783797652198023
categorical__primary_vendor_PHP Point of Sale LLC,-0.37768768720142704,0.6854445403431263,0.37768768720142704
categorical__primary_cwe_CWE-241,-0.3776526143600217,0.685468581252371,0.3776526143600217
categorical__primary_vendor_realmag777,-0.3724291536279554,0.6890584671211798,0.3724291536279554
categorical__primary_cwe_CWE-538,-0.3717162297514799,0.6895498885068836,0.3717162297514799
categorical__primary_cwe_CWE-436,-0.37007582581254045,0.6906819571311414,0.37007582581254045
categorical__primary_cwe_CWE-1220,-0.3671499091157191,0.692705794347419,0.3671499091157191
categorical__primary_vendor_McAfee LLC,-0.366263572501736,0.6933200370283443,0.366263572501736
categorical__primary_vendor_npm,-0.3646819697210152,0.6944174615429054,0.3646819697210152
categorical__primary_cwe_CWE-310,-0.3608212223794311,0.6971036138526944,0.3608212223794311
categorical__primary_vendor_salesagility,-0.36035091129171026,0.6974315465207197,0.36035091129171026
"categorical__primary_vendor_ELECOM CO.,LTD.",-0.3601587800555425,0.6975655577793572,0.3601587800555425
categorical__primary_cwe_CWE-202,-0.35966814002247505,0.6979078953430822,0.35966814002247505
categorical__primary_cwe_CWE-346,-0.3585999681360897,0.6986537792313534,0.3585999681360897
categorical__primary_vendor_Requarks,-0.35736209882448366,0.6995191568057697,0.35736209882448366
categorical__user_interaction_NONE,-0.3559473376398928,0.7005095097479603,0.3559473376398928
categorical__primary_vendor_redis,-0.354362876574499,0.7016203195771645,0.354362876574499
categorical__primary_cwe_CWE-707,-0.35278162517969813,0.7027306352989098,0.35278162517969813
categorical__primary_cwe_CWE-923,-0.352491106367599,0.702934821426822,0.352491106367599
categorical__primary_vendor_Trellix,-0.35161636265910357,0.7035499782524036,0.35161636265910357
categorical__primary_vendor_Sante,-0.349188669189245,0.705260056873787,0.349188669189245
categorical__primary_cwe_CWE-130,-0.34763788863671213,0.706354608940135,0.34763788863671213
categorical__privileges_required_None,-0.34432112287797034,0.7087013113002878,0.34432112287797034
categorical__attack_complexity_None,-0.34432112287797034,0.7087013113002878,0.34432112287797034
categorical__user_interaction_None,-0.34432112287797034,0.7087013113002878,0.34432112287797034
categorical__attack_vector_None,-0.34432112287797034,0.7087013113002878,0.34432112287797034
categorical__primary_vendor_gocd,-0.33532366843733913,0.7151065914577974,0.33532366843733913
categorical__primary_vendor_Acronis,-0.3349498093618043,0.7153739905286589,0.3349498093618043
categorical__primary_vendor_vyperlang,-0.3340875500122872,0.7159910944539739,0.3340875500122872
categorical__primary_vendor_CGAL Project,-0.3338150120530653,0.7161862557989068,0.3338150120530653
categorical__primary_vendor_OX Software GmbH,-0.33080664105937857,0.7183440538580826,0.33080664105937857
categorical__primary_cwe_CWE-358,-0.3274967529348644,0.7207256315148118,0.3274967529348644
categorical__primary_vendor_electron,-0.3251887491393079,0.7223909900956017,0.3251887491393079
categorical__primary_cwe_CWE-916,-0.3246562433203457,0.7227757699410544,0.3246562433203457
categorical__primary_vendor_contiki-ng,-0.32034984299096503,0.7258950433542265,0.32034984299096503
categorical__primary_cwe_CWE-123,-0.3193380533469444,0.726629868123096,0.3193380533469444
categorical__primary_vendor_silabs.com,-0.3183689531427185,0.7273343865960511,0.3183689531427185
categorical__primary_vendor_Brocade,-0.31750029338399827,0.7279664672005676,0.31750029338399827
categorical__primary_cwe_CWE-93,-0.3164552641111342,0.7287276111080181,0.3164552641111342
categorical__primary_cwe_CWE-331,-0.31621261035937875,0.7289044610526447,0.31621261035937875
categorical__primary_vendor_Cloudflare,-0.3140720248533318,0.7304664145283329,0.3140720248533318
categorical__primary_cwe_CWE-1287,-0.3114999581117939,0.7323476411820976,0.3114999581117939
categorical__primary_cwe_CWE-325,-0.3108331815730211,0.7328361162412205,0.3108331815730211
"categorical__primary_vendor_McAfee, LLC",-0.30849348384484654,0.7345527386431889,0.30849348384484654
categorical__primary_vendor_Pandora FMS,-0.3084784505412801,0.7345637814804994,0.3084784505412801
categorical__primary_cwe_CWE-24,-0.30715776061147454,0.7355345533727282,0.30715776061147454
categorical__primary_cwe_CWE-1021,-0.3064326065710537,0.7360681226625574,0.3064326065710537
categorical__primary_cwe_CWE-369,-0.3064211777256628,0.7360765351194007,0.3064211777256628
categorical__primary_vendor_datahub-project,-0.30547507423931075,0.7367732692348158,0.30547507423931075
categorical__primary_vendor_BUFFALO INC.,-0.30059535740951204,0.7403773003305563,0.30059535740951204
categorical__primary_cwe_CWE-338,-0.2990857541505853,0.7414958203642982,0.2990857541505853
categorical__primary_vendor_Reolink,-0.2971421391378648,0.7429384042323292,0.2971421391378648
categorical__primary_vendor_gVectors Team,-0.2919513520352279,0.7468048656264628,0.2919513520352279
categorical__primary_vendor_publify,-0.2894455761279931,0.7486785377870491,0.2894455761279931
categorical__primary_vendor_getsentry,-0.28180679006736264,0.7544194317803222,0.28180679006736264
categorical__primary_cwe_CWE-116,-0.281758373829731,0.7544559588150489,0.281758373829731
categorical__primary_vendor_WooCommerce,-0.28149835943454476,0.7546521537305206,0.28149835943454476
categorical__primary_vendor_Softing,-0.2805992423155586,0.7553309795270359,0.2805992423155586
categorical__primary_cwe_CWE-294,-0.27557591227283895,0.7591348022584401,0.27557591227283895
categorical__primary_cwe_CWE-620,-0.27540937656976033,0.7592612358340257,0.27540937656976033
categorical__primary_vendor_McAfee,-0.2748597334663084,0.7596786732463084,0.2748597334663084
categorical__primary_cwe_CWE-300,-0.2738581000170761,0.7604399740246134,0.2738581000170761
categorical__primary_vendor_Omron,-0.2726704379739503,0.7613436562461514,0.2726704379739503
categorical__primary_vendor_opencast,-0.2712324738663313,0.7624392286054817,0.2712324738663313
categorical__primary_vendor_RIOT-OS,-0.27109645645659625,0.7625429406676002,0.27109645645659625
categorical__primary_cwe_CWE-90,-0.2703047348506146,0.7631469014420647,0.2703047348506146
categorical__confidentiality_impact_HIGH,0.26982075930001725,1.309729672829652,0.26982075930001725
categorical__primary_vendor_jumpserver,-0.2686343028780646,0.7644227517398792,0.2686343028780646
categorical__primary_cwe_CWE-277,-0.2685494201206892,0.7644876408047897,0.2685494201206892
categorical__primary_vendor_MongoDB Inc.,-0.26836479002536423,0.7646288012616196,0.26836479002536423
categorical__primary_vendor_oroinc,-0.2680499555961283,0.7648695706330971,0.2680499555961283
categorical__primary_vendor_yetiforcecompany,-0.265081605266096,0.7671433444846611,0.265081605266096
numeric__cvss_score,0.2616215676645573,1.2990348526064923,0.2616215676645573
categorical__primary_vendor_mastodon,-0.2610938546399487,0.7702086285691874,0.2610938546399487
categorical__primary_vendor_pkp,-0.25888454509186576,0.7719121389442599,0.25888454509186576
categorical__primary_vendor_nothings,-0.25859039787723215,0.7721392281470632,0.25859039787723215
categorical__primary_vendor_flatpressblog,-0.2581970876151824,0.7724429781593074,0.2581970876151824
categorical__primary_vendor_sourcegraph,-0.2543024804136246,0.7754572059514985,0.2543024804136246
categorical__integrity_impact_HIGH,-0.2526125544605679,0.7767687791279578,0.2526125544605679
categorical__primary_cwe_CWE-117,-0.25106182770796065,0.7779742697060107,0.25106182770796065
numeric__cwe_count,-0.2506723305425544,0.7782773474989592,0.2506723305425544
categorical__availability_impact_NONE,-0.2504889036598744,0.7784201175802066,0.2504889036598744
categorical__primary_vendor_B. Braun Melsungen AG,-0.250260111143456,0.7785982346528881,0.250260111143456
categorical__primary_vendor_kiwitcms,-0.24923579154032882,0.7793961766916707,0.24923579154032882
categorical__primary_cwe_CWE-691,-0.24768392680062876,0.7806066331259384,0.24768392680062876
categorical__primary_vendor_opensearch-project,-0.24734825805527458,0.7808687023568591,0.24734825805527458
categorical__primary_vendor_bookstackapp,-0.24563722223947246,0.7822059403788593,0.24563722223947246
categorical__primary_vendor_cockpit-hq,-0.24358003587457758,0.7838167400634428,0.24358003587457758
categorical__primary_cwe_CWE-353,-0.24092814625108394,0.7858980940839393,0.24092814625108394
categorical__primary_vendor_auth0,-0.2404651403953004,0.7862620537547768,0.2404651403953004
categorical__primary_vendor_Autodesk,-0.23618277078966,0.7896363382859417,0.23618277078966
categorical__primary_vendor_nocodb,-0.23476695479257065,0.7907551098460213,0.23476695479257065
categorical__primary_vendor_nextauthjs,-0.2328114717205937,0.7923029309531633,0.2328114717205937
categorical__availability_impact_HIGH,-0.22800932394175552,0.7961168368538306,0.22800932394175552
categorical__primary_vendor_Realtek,-0.2268606900922374,0.7970318089841942,0.2268606900922374
categorical__primary_vendor_Kashipara Group,-0.22543951242093854,0.7981653380767689,0.22543951242093854
categorical__primary_vendor_Os Commerce,-0.22417003239949584,0.7991792364529667,0.22417003239949584
categorical__primary_vendor_snipe,-0.2238135210400317,0.7994642037230263,0.2238135210400317
categorical__primary_cwe_CWE-120,-0.22352392715565883,0.7996957571938157,0.22352392715565883
categorical__primary_vendor_JFrog,-0.2214190585890738,0.8013807844142574,0.2214190585890738
categorical__primary_vendor_Sylius,-0.22110321988508855,0.8016339314573181,0.22110321988508855
categorical__primary_vendor_pi-hole,-0.2197097865754546,0.8027517334899709,0.2197097865754546
categorical__primary_cwe_CWE-297,-0.21966588708484022,0.8027869746556898,0.21966588708484022
categorical__primary_vendor_modoboa,-0.21909274897914452,0.8032472143394729,0.21909274897914452
categorical__primary_vendor_ZoneMinder,-0.21711002760414033,0.8048414096610702,0.21711002760414033
"categorical__primary_vendor_EC-CUBE CO.,LTD.",-0.21550353875826742,0.8061354175346964,0.21550353875826742
categorical__primary_vendor_zulip,-0.21184109955218705,0.8090932526326663,0.21184109955218705
categorical__primary_cwe_CWE-61,-0.2116068660727291,0.8092827915577507,0.2116068660727291
categorical__primary_vendor_Tenable,-0.20909742212691226,0.8113161916441683,0.20909742212691226
categorical__primary_vendor_Fresenius Kabi,-0.2048353735990967,0.8147814399069522,0.2048353735990967
categorical__primary_vendor_symfony,-0.2029378743240873,0.8163289548383775,0.2029378743240873
categorical__primary_vendor_zopefoundation,-0.20285070973201494,0.8164001129199104,0.20285070973201494
categorical__primary_cwe_CWE-29,-0.202596728105016,0.8166074898827264,0.202596728105016
categorical__primary_vendor_Xen,-0.19909360126005374,0.8194731860202393,0.19909360126005374
categorical__primary_vendor_containerd,-0.1964217477386327,0.8216656259729391,0.1964217477386327
categorical__primary_vendor_neutrinolabs,-0.19364100581156593,0.8239536457510276,0.19364100581156593
categorical__primary_cwe_CWE-672,-0.19320221811551863,0.8243152658043095,0.19320221811551863
categorical__primary_cwe_CWE-799,-0.19203065008639728,0.825281573152513,0.19203065008639728
categorical__primary_cwe_CWE-667,-0.19191033857814763,0.8253808699964664,0.19191033857814763
categorical__primary_vendor_dolibarr,-0.1856475932255709,0.8305662405835516,0.1856475932255709
categorical__primary_vendor_Grafana,-0.18473976210525583,0.831320596826464,0.18473976210525583
categorical__primary_vendor_bfabiszewski,-0.18302585326436724,0.8327466262401092,0.18302585326436724
categorical__primary_vendor_helm,-0.18265440870090374,0.8330560029017511,0.18265440870090374
categorical__primary_vendor_Voovi Social Networking Script,-0.18258836568421336,0.8331110222500566,0.18258836568421336
categorical__primary_vendor_fossbilling,-0.18014204637575063,0.8351515727312653,0.18014204637575063
categorical__primary_vendor_LINE Corporation,-0.17995878663431406,0.8353046364173218,0.17995878663431406
categorical__primary_vendor_The Eclipse Foundation,-0.17418681997192892,0.8401399280785817,0.17418681997192892
categorical__primary_vendor_github,-0.17382316088359728,0.8404455081590169,0.17382316088359728
categorical__primary_vendor_bigbluebutton,-0.17283757001673491,0.8412742519100037,0.17283757001673491
categorical__primary_vendor_B&R,-0.17224697152048352,0.8417712539680045,0.17224697152048352
categorical__primary_vendor_WPChill,-0.17117789022580066,0.8426716570863305,0.17117789022580066
categorical__primary_cwe_CWE-548,-0.17075977876774254,0.843024061428552,0.17075977876774254
categorical__primary_vendor_Palantir,-0.16895290717211411,0.8445486746349326,0.16895290717211411
categorical__primary_cwe_CWE-286,-0.16836166080166945,0.8450481586179698,0.16836166080166945
categorical__integrity_impact_LOW,-0.16772401438304527,0.8455871723817123,0.16772401438304527
categorical__primary_cwe_CWE-425,-0.1658719727277578,0.8471546861504822,0.1658719727277578
categorical__primary_cwe_CWE-208,-0.1638155429781827,0.8488985927457078,0.1638155429781827
categorical__primary_cwe_CWE-915,-0.16193250910765114,0.8504986035129498,0.16193250910765114
categorical__primary_vendor_metersphere,-0.16074782020203454,0.8515067768407389,0.16074782020203454
categorical__primary_cwe_CWE-204,-0.16034823638723852,0.8518470931548711,0.16034823638723852
categorical__primary_vendor_TP-LINK,-0.16027389145800275,0.8519104260209409,0.16027389145800275
categorical__primary_vendor_Ubiquiti,-0.16016897582671927,0.8519998094298603,0.16016897582671927
categorical__primary_vendor_alextselegidis,-0.15998349070019885,0.8521578573796266,0.15998349070019885
categorical__primary_vendor_VISAM,-0.15553498200810317,0.8559571333058149,0.15553498200810317
numeric__product_count,0.15497641381691987,1.1676304208354658,0.15497641381691987
categorical__primary_cwe_CWE-212,-0.15488200734115107,0.8565162341493385,0.15488200734115107
categorical__primary_vendor_inspireui,-0.15159088293551096,0.8593397794021183,0.15159088293551096
categorical__primary_vendor_Cloud Foundry,-0.15044288731268546,0.8603268641834898,0.15044288731268546
categorical__primary_cwe_CWE-674,-0.1491817997192225,0.8614124961128359,0.1491817997192225
categorical__primary_vendor_OpenSIPS,-0.14774177111993986,0.8626538483198436,0.14774177111993986
categorical__primary_vendor_Crafter Software,-0.14137220360087802,0.8681661169993764,0.14137220360087802
categorical__primary_cwe_CWE-598,-0.13894142553137678,0.8702790030954911,0.13894142553137678
categorical__primary_vendor_moby,-0.13622974944112615,0.8726421204163642,0.13622974944112615
categorical__primary_cwe_CWE-87,-0.1353312830747173,0.8734265123335817,0.1353312830747173
categorical__primary_vendor_Mitsubishi Electric,-0.13499802320328053,0.8737176388484895,0.13499802320328053
categorical__primary_vendor_Axiomatic,-0.13447611730877176,0.8741737562491675,0.13447611730877176
categorical__primary_vendor_NetApp,-0.13320363825357184,0.8752868320772478,0.13320363825357184
categorical__primary_vendor_umbraco,-0.13202495525037325,0.8763191260433035,0.13202495525037325
categorical__primary_vendor_dhis2,-0.13173687088276803,0.8765716162520448,0.13173687088276803
categorical__primary_vendor_ExpressTech,-0.1308960017209953,0.8773090082738937,0.1308960017209953
categorical__primary_vendor_I Thirteen Web Solution,-0.12972300478996687,0.878338692838516,0.12972300478996687
categorical__primary_vendor_getkirby,-0.1256082904564267,0.8819602513773784,0.1256082904564267
categorical__primary_vendor_StylemixThemes,-0.12501901720310302,0.8824801201213395,0.12501901720310302
categorical__primary_cwe_CWE-15,-0.12374342219984098,0.8836065256189213,0.12374342219984098
categorical__primary_vendor_Business-DNA Solutions GmbH,-0.12350621012536465,0.8838161526179289,0.12350621012536465
categorical__primary_vendor_directus,-0.12338330010957561,0.883924789151324,0.12338330010957561
categorical__primary_vendor_chatwoot,-0.12332831747212313,0.8839733910036579,0.12332831747212313
categorical__primary_vendor_Artica PFMS,-0.12316371180116584,0.884118910013091,0.12316371180116584
categorical__primary_vendor_F-Secure,-0.12285980556530994,0.8843876400953876,0.12285980556530994
categorical__primary_cwe_CWE-261,-0.12252020088221167,0.8846880332842181,0.12252020088221167
categorical__primary_vendor_Enalean,-0.12166820746544353,0.8854421028500082,0.12166820746544353
categorical__primary_vendor_ckeditor,-0.1199196356420898,0.8869917163727052,0.1199196356420898
categorical__primary_vendor_gradle,-0.11975472944473614,0.8871379988648497,0.11975472944473614
categorical__primary_cwe_CWE-805,-0.11972191209924557,0.8871671128567756,0.11972191209924557
categorical__primary_vendor_Puppet,-0.11588215488346401,0.890580167637402,0.11588215488346401
categorical__primary_vendor_anuko,-0.11472636044604227,0.8916100903160341,0.11472636044604227
numeric__affected_version_count,0.11361630388539865,1.1203221791379347,0.11361630388539865
categorical__primary_cwe_CWE-385,-0.11359757267233438,0.8926170971264612,0.11359757267233438
categorical__primary_cwe_CWE-1284,-0.1130639903748237,0.893093508899084,0.1130639903748237
categorical__primary_vendor_Six Apart Ltd.,-0.11157126497829277,0.8944276477650479,0.11157126497829277
categorical__primary_vendor_instantsoft,-0.107211901071417,0.898335294608907,0.107211901071417
categorical__primary_vendor_Fedora,-0.10603327226257452,0.8993947226807129,0.10603327226257452
categorical__primary_cwe_CWE-706,-0.10091107281543936,0.9040134206797871,0.10091107281543936
categorical__primary_vendor_cilium,-0.0984278614087731,0.906261066652879,0.0984278614087731
categorical__primary_vendor_Proofpoint,-0.09690215386547477,0.9076448113248895,0.09690215386547477
categorical__primary_vendor_Tribe29,-0.0942516538537192,0.910053714897207,0.0942516538537192
categorical__primary_vendor_HashiCorp,-0.0929171105862914,0.9112690317214898,0.0929171105862914
categorical__primary_vendor_Collne Inc.,-0.09001135855528498,0.9139208043922896,0.09001135855528498
categorical__primary_vendor_The Wireshark Foundation,-0.08919728670330047,0.9146651045098713,0.08919728670330047
categorical__primary_vendor_nvidia,-0.0886161312925317,0.9151968215745578,0.0886161312925317
categorical__primary_vendor_Exiv2,-0.08806029140536274,0.9157056658774783,0.08806029140536274
categorical__primary_vendor_The OpenNMS Group,-0.08728469313322958,0.9164161611035335,0.08728469313322958
categorical__primary_vendor_Yokogawa Electric Corporation,-0.08372339224569698,0.9196856130870456,0.08372339224569698
categorical__primary_vendor_HasThemes,-0.08328179381888538,0.9200918344937117,0.08328179381888538
categorical__primary_vendor_LOGITEC CORPORATION,-0.08303715079651416,0.9203169560770508,0.08303715079651416
categorical__attack_vector_LOCAL,-0.08301605994838628,0.9203363665468919,0.08301605994838628
categorical__primary_vendor_Gopi Ramasamy,-0.08017404378440411,0.9229556977046232,0.08017404378440411
categorical__primary_vendor_Byzoro,-0.07931513896821442,0.9237487693362781,0.07931513896821442
categorical__primary_cwe_CWE-441,-0.07727603668044086,0.9256343093162733,0.07727603668044086
categorical__primary_vendor_BigProf,-0.07680699208215841,0.9260685749260507,0.07680699208215841
categorical__primary_cwe_CWE-614,-0.07254355781504104,0.9300252359107957,0.07254355781504104
categorical__primary_cwe_CWE-471,-0.07099097034490799,0.9314703029451827,0.07099097034490799
categorical__primary_vendor_firefly-iii,-0.06787355299187142,0.9343786154880983,0.06787355299187142
categorical__primary_vendor_Supsystic,-0.06701907611866045,0.935177361612302,0.06701907611866045
categorical__primary_vendor_PHPGurukul,-0.06620848083317286,0.9359357192917754,0.06620848083317286
categorical__privileges_required_NONE,-0.06583851183632186,0.936282050552923,0.06583851183632186
categorical__attack_vector_NETWORK,0.06528119858077927,1.067459150182812,0.06528119858077927
categorical__primary_vendor_Checkmk GmbH,-0.06483804576126881,0.9372192377149914,0.06483804576126881
categorical__primary_vendor_wproyal,-0.06386984225744587,0.9381270960897068,0.06386984225744587
categorical__primary_vendor_nik00726,-0.05743873842855496,0.9441797305487344,0.05743873842855496
categorical__primary_vendor_prasunsen,-0.05487454981693491,0.9466038921366471,0.05487454981693491
categorical__primary_vendor_Campcodes,-0.054454872187997806,0.9470012439876508,0.054454872187997806
categorical__primary_vendor_Broadcom,-0.054369112813559946,0.9470824617044676,0.054369112813559946
categorical__primary_vendor_SanDisk,-0.053986399810138336,0.9474449918459491,0.053986399810138336
categorical__primary_vendor_wickedplugins,-0.053662098901721376,0.9477522989447722,0.053662098901721376
categorical__primary_vendor_Itech,-0.053557639635112064,0.9478513056258399,0.053557639635112064
categorical__primary_vendor_FreeBSD,-0.05255553743379999,0.948801625585059,0.05255553743379999
categorical__primary_vendor_code-projects,-0.051777159814418376,0.9495404390362727,0.051777159814418376
"categorical__primary_vendor_WESEEK, Inc.",-0.0496345000737846,0.9515771623303872,0.0496345000737846
categorical__primary_vendor_wpdevteam,-0.04863265469144766,0.9525309732221462,0.04863265469144766
categorical__primary_cwe_CWE-1004,-0.046714884324406764,0.9543594616463307,0.046714884324406764
categorical__primary_vendor_Hallo Welt! GmbH,-0.04455304871974304,0.9564248616333875,0.04455304871974304
categorical__primary_vendor_NLnet Labs,-0.044016095024639455,0.956938555399471,0.044016095024639455
categorical__primary_vendor_Thecosy,-0.04381690244788921,0.9571291894419255,0.04381690244788921
categorical__primary_vendor_emrevona,-0.04322387188491734,0.9576969646413602,0.04322387188491734
categorical__primary_vendor_BestWebSoft,-0.04296988902142132,0.9579402341506369,0.04296988902142132
"categorical__primary_vendor_Cybozu, Inc.",-0.03746340788661013,0.9632296636850297,0.03746340788661013
categorical__primary_vendor_shakee93,-0.037147707858057585,0.963533803323278,0.037147707858057585
categorical__primary_vendor_Wago,-0.03643906103871926,0.9642168504793408,0.03643906103871926
categorical__primary_vendor_GZ Scripts,-0.03498921294675496,0.9656158323507847,0.03498921294675496
categorical__primary_vendor_pluginbuilders,-0.03343714954336159,0.9671156929842287,0.03343714954336159
categorical__primary_vendor_vcita,-0.03335749671200534,0.9671927295554738,0.03335749671200534
categorical__primary_vendor_CodeAstro,-0.02960506924180648,0.9708288680291641,0.02960506924180648
categorical__primary_vendor_Siemens AG,-0.027876546677037588,0.9725084187865943,0.027876546677037588
categorical__primary_vendor_Automattic,-0.027601002524757737,0.9727764247164715,0.027601002524757737
categorical__primary_vendor_Symantec,-0.02685062322211475,0.9735066499503647,0.02685062322211475
categorical__primary_cwe_CWE-451,-0.026725631926943192,0.9736283374121785,0.026725631926943192
categorical__primary_vendor_roxnor,-0.02385177498208961,0.9764304304500725,0.02385177498208961
categorical__primary_vendor_Bug Finder,-0.023056652541802933,0.9772071209378002,0.023056652541802933
categorical__primary_vendor_SimplePHPscripts,-0.022691491679520986,0.9775640238922393,0.022691491679520986
categorical__primary_vendor_Nozomi Networks,-0.02210974467492464,0.9781328842853113,0.02210974467492464
categorical__primary_vendor_mooSocial,-0.020670084637184016,0.9795420772464191,0.020670084637184016
categorical__primary_vendor_phpscriptpoint,-0.019857450284536417,0.9803384103082312,0.019857450284536417
categorical__primary_vendor_Tongda,-0.016909637470362792,0.9832325279992452,0.016909637470362792
categorical__primary_vendor_Intel,-0.01668947555591291,0.9834490221859717,0.01668947555591291
categorical__primary_vendor_The Document Foundation,-0.01494597454250852,0.9851651621639537,0.01494597454250852
categorical__primary_vendor_gopiplus,-0.014847241016949387,0.9852624357956774,0.014847241016949387
categorical__primary_cwe_CWE-316,-0.013910254556980538,0.9861860459950864,0.013910254556980538
categorical__primary_vendor_funnelforms,-0.012086496642462972,0.9879862516723616,0.012086496642462972
categorical__primary_vendor_TrueConf,-0.011592382907555857,0.9884745498767022,0.011592382907555857
categorical__primary_vendor_IBOS,-0.006822830066540547,0.9932003925937478,0.006822830066540547
categorical__user_interaction_infrequent_sklearn,-0.001756382537775376,0.9982451589993924,0.001756382537775376
categorical__attack_vector_infrequent_sklearn,-0.0010624872662537838,0.9989380769734915,0.0010624872662537838
categorical__primary_vendor_Joomla!,-2.6021661550820852e-05,0.9999739786770097,2.6021661550820852e-05
categorical__primary_vendor_NAVER,-1.2534517585536404e-05,0.9999874655609712,1.2534517585536404e-05
categorical__primary_vendor_Ays Pro,-1.9097991176433677e-06,0.999998090202706,1.9097991176433677e-06
