cve_id,date_published,primary_vendor,primary_cwe,cvss_score,priority_probability,title,description
CVE-2025-25166,2025-02-07 10:12:01.447000+00:00,gabrieldarezzo,CWE-352,7.1,0.02065003751991304,WordPress InLocation plugin <= 1.8 - Cross Site Scripting (XSS) vulnerability,Cross-Site Request Forgery (CSRF) vulnerability in gabrieldarezzo InLocation inlocation allows Stored XSS.This issue affects InLocation: from n/a through <= 1.8.
CVE-2025-23660,2025-01-16 20:06:31.041000+00:00,waltercerrudo,CWE-352,7.1,0.02165918516913857,WordPress MFPlugin plugin <= 1.3 - CSRF to Cross-Site Scripting vulnerability,Cross-Site Request Forgery (CSRF) vulnerability in waltercerrudo MFPlugin mfplugin allows Stored XSS.This issue affects MFPlugin: from n/a through <= 1.3.
CVE-2025-23978,2025-01-31 08:23:56.021000+00:00,Ninos,CWE-352,7.1,0.023067296547837915,WordPress FlashCounter plugin <= 1.1.8 - CSRF to Stored Cross Site Scripting (XSS) vulnerability,Cross-Site Request Forgery (CSRF) vulnerability in Ninos FlashCounter flashcounter allows Stored XSS.This issue affects FlashCounter: from n/a through <= 1.1.8.
CVE-2025-23513,2025-01-16 20:06:09.380000+00:00,jd7777,CWE-352,7.1,0.0237474219182008,WordPress Bible Embed plugin <= 0.0.4 - CSRF to Stored Cross Site Scripting (XSS) vulnerability,Cross-Site Request Forgery (CSRF) vulnerability in jd7777 Bible Embed bible-embed allows Stored XSS.This issue affects Bible Embed: from n/a through <= 0.0.4.
CVE-2025-24562,2025-01-24 17:24:28.214000+00:00,Optimal Access,CWE-352,7.1,0.02427364519272575,WordPress KBucket plugin <= 4.1.6 - CSRF to Stored Cross-Site Scripting vulnerability,Cross-Site Request Forgery (CSRF) vulnerability in Optimal Access KBucket kbucket allows Stored XSS.This issue affects KBucket: from n/a through <= 4.1.6.
CVE-2025-24561,2025-01-24 17:24:16.298000+00:00,awcode,CWE-352,7.1,0.024581233738844636,WordPress ReviewsTap plugin <= 1.1.2 - CSRF to Stored Cross-Site Scripting vulnerability,Cross-Site Request Forgery (CSRF) vulnerability in awcode ReviewsTap reviewstap allows Stored XSS.This issue affects ReviewsTap: from n/a through <= 1.1.2.
CVE-2025-36895,2025-09-04 04:51:36.059000+00:00,Google,,7.5,0.0279838449306173,,Information disclosure
CVE-2025-23662,2025-01-16 20:06:30.409000+00:00,ryscript,CWE-352,7.1,0.029913762172974295,WordPress WP Panoramio plugin <= 1.5.0 - CSRF to Cross-Site Scripting vulnerability,Cross-Site Request Forgery (CSRF) vulnerability in ryscript WP Panoramio wp-panoramio allows Stored XSS.This issue affects WP Panoramio: from n/a through <= 1.5.0.
CVE-2025-23511,2025-01-16 20:06:12.037000+00:00,Stargazer,CWE-352,7.1,0.03044215971210118,WordPress WP-BlackCheck plugin <= 2.7.2 - CSRF to Stored Cross Site Scripting (XSS) vulnerability,Cross-Site Request Forgery (CSRF) vulnerability in Stargazer WP-BlackCheck wp-blackcheck allows Stored XSS.This issue affects WP-BlackCheck: from n/a through <= 2.7.2.
CVE-2025-23446,2025-03-03 13:30:03.649000+00:00,KokoenDE,CWE-352,7.1,0.03044215971210118,WordPress WP SpaceContent plugin <= 0.4.5 - CSRF to Stored Cross Site Scripting (XSS) vulnerability,Cross-Site Request Forgery (CSRF) vulnerability in KokoenDE WP SpaceContent wp-spacecontent allows Stored XSS.This issue affects WP SpaceContent: from n/a through <= 0.4.5.
CVE-2025-30577,2025-03-24 13:47:09.435000+00:00,mendibass,CWE-352,7.1,0.033176162549192936,WordPress Browser Address Bar Color plugin <= 3.3 - Cross Site Request Forgery (CSRF) to Stored XSS Vulnerability,Cross-Site Request Forgery (CSRF) vulnerability in mendibass Browser Address Bar Color browser-address-bar-color allows Stored XSS.This issue affects Browser Address Bar Color: from n/a through <= 3.3.
CVE-2025-46450,2025-04-24 16:08:44.315000+00:00,x000x,CWE-352,7.1,0.033756531516174096,WordPress occupancyplan plugin <= 1.0.3.0 - Cross Site Request Forgery (CSRF) to Stored XSS vulnerability,Cross-Site Request Forgery (CSRF) vulnerability in x000x occupancyplan occupancyplan allows Stored XSS.This issue affects occupancyplan: from n/a through <= 1.0.3.0.
CVE-2025-52789,2025-06-20 15:03:43.083000+00:00,George Lewe,CWE-352,7.1,0.033756531516174096,WordPress Lewe ChordPress plugin <= 4.0.1 - Cross Site Request Forgery (CSRF) to Stored XSS Vulnerability,Cross-Site Request Forgery (CSRF) vulnerability in George Lewe Lewe ChordPress chordpress allows Stored XSS.This issue affects Lewe ChordPress: from n/a through <= 4.0.1.
CVE-2025-48083,2025-11-06 15:53:40.546000+00:00,andriassundskard,CWE-352,7.1,0.033756531516174096,WordPress wpNamedUsers plugin <= 0.5 - Cross Site Request Forgery (CSRF) to Stored XSS vulnerability,Cross-Site Request Forgery (CSRF) vulnerability in andriassundskard wpNamedUsers wpnamedusers allows Stored XSS.This issue affects wpNamedUsers: from n/a through <= 0.5.
CVE-2025-26562,2025-02-13 13:52:55.094000+00:00,Shambhu Patnaik,CWE-352,7.1,0.03398636399299859,WordPress RSS FIlter Plugin <= 1.2 - CSRF to Stored Cross Site Scripting (XSS) vulnerability,Cross-Site Request Forgery (CSRF) vulnerability in Shambhu Patnaik RSS Filter rss-filter allows Stored XSS.This issue affects RSS Filter: from n/a through <= 1.2.
CVE-2025-23502,2025-03-03 13:30:08.116000+00:00,Ned,CWE-352,7.1,0.03418578293093411,WordPress Curated Search plugin <= 1.2 - CSRF to Stored XSS vulnerability,Cross-Site Request Forgery (CSRF) vulnerability in Ned Curated Search curated-search allows Stored XSS.This issue affects Curated Search: from n/a through <= 1.2.
CVE-2025-23659,2025-01-16 20:06:29.779000+00:00,hernanjh,CWE-352,7.1,0.03432907337815656,WordPress MercadoLibre Integration plugin <= 1.1 - CSRF to Stored Cross-Site Scripting vulnerability,Cross-Site Request Forgery (CSRF) vulnerability in hernanjh MercadoLibre Integration mercadolibre-integration allows Stored XSS.This issue affects MercadoLibre Integration: from n/a through <= 1.1.
CVE-2025-23572,2025-01-16 20:06:18.969000+00:00,Dave Konopka,CWE-352,7.1,0.03465140674230858,WordPress UpDownUpDown plugin <= 1.1 - CSRF to Stored XSS vulnerability,Cross-Site Request Forgery (CSRF) vulnerability in Dave Konopka UpDownUpDown updownupdown-postcomment-voting allows Stored XSS.This issue affects UpDownUpDown: from n/a through <= 1.1.
CVE-2025-49344,2025-12-31 05:25:58.689000+00:00,reneade,CWE-352,7.1,0.03615883766311588,WordPress SensitiveTagCloud plugin <= 1.4.1 - Cross Site Request Forgery (CSRF) vulnerability,Cross-Site Request Forgery (CSRF) vulnerability in reneade SensitiveTagCloud sensitive-tag-cloud allows Stored XSS.This issue affects SensitiveTagCloud: from n/a through <= 1.4.1.
CVE-2025-32559,2025-04-09 16:09:36.597000+00:00,REVE Chat,CWE-352,7.1,0.03621681548008308,WordPress REVE Chat plugin <= 6.4.4 - Cross Site Request Forgery (CSRF) vulnerability,Cross-Site Request Forgery (CSRF) vulnerability in REVE Chat REVE Chat revechat allows Stored XSS.This issue affects REVE Chat: from n/a through <= 6.4.4.
CVE-2025-23818,2025-01-16 20:07:11.449000+00:00,pyko,CWE-352,7.1,0.036231736310335,WordPress More Link Modifier plugin <= 1.0.3 - CSRF to Cross-Site Scripting vulnerability,Cross-Site Request Forgery (CSRF) vulnerability in pyko More Link Modifier more-link-modifier allows Stored XSS.This issue affects More Link Modifier: from n/a through <= 1.0.3.
CVE-2025-48320,2025-08-28 12:36:56.810000+00:00,cuckoohello,CWE-352,7.1,0.03624689773219264,WordPress 百度分享按钮 plugin <= 1.0.6 - CSRF to Stored XSS vulnerability,Cross-Site Request Forgery (CSRF) vulnerability in cuckoohello 百度分享按钮 baidushare-wp allows Stored XSS.This issue affects 百度分享按钮: from n/a through <= 1.0.6.
CVE-2025-22328,2025-01-07 10:48:47.163000+00:00,Elevio by Dixa,CWE-352,7.1,0.03654288570223482,WordPress Elevio plugin <= 4.4.1 - CSRF to Stored XSS vulnerability,Cross-Site Request Forgery (CSRF) vulnerability in Elevio by Dixa Elevio elevio allows Stored XSS.This issue affects Elevio: from n/a through <= 4.4.1.
CVE-2025-23627,2025-01-16 20:06:26.369000+00:00,frenchsquared,CWE-352,7.1,0.03671913902266588,WordPress Comment-Emailer plugin <= 1.0.5 - CSRF to Stored Cross-Site Scripting vulnerability,Cross-Site Request Forgery (CSRF) vulnerability in frenchsquared Comment-Emailer comment-emailer allows Stored XSS.This issue affects Comment-Emailer: from n/a through <= 1.0.5.
CVE-2025-68885,2025-12-31 05:34:27.042000+00:00,page-carbajal,CWE-352,7.1,0.037159960430904915,WordPress Custom Post Status plugin <= 1.1.0 - Cross Site Request Forgery (CSRF) to Stored XSS vulnerability,Cross-Site Request Forgery (CSRF) vulnerability in page-carbajal Custom Post Status custom-post-status allows Stored XSS.This issue affects Custom Post Status: from n/a through <= 1.1.0.
CVE-2025-23872,2025-01-16 20:07:31.138000+00:00,payform,CWE-352,7.1,0.03720561853611773,WordPress PayForm plugin <= 2.0 - CSRF to Stored XSS vulnerability,Cross-Site Request Forgery (CSRF) vulnerability in payform PayForm payform allows Stored XSS.This issue affects PayForm: from n/a through <= 2.0.
CVE-2025-22325,2025-01-07 10:48:49.474000+00:00,nchankov,CWE-352,7.1,0.03720561853611773,WordPress Autocompleter plugin <= 1.3.5.2 - CSRF to Stored XSS vulnerability,Cross-Site Request Forgery (CSRF) vulnerability in nchankov Autocompleter autocompleter allows Stored XSS.This issue affects Autocompleter: from n/a through <= 1.3.5.2.
CVE-2025-47655,2025-05-07 14:20:45.442000+00:00,themarketer2023,CWE-352,7.1,0.03720561853611773,WordPress theMarketer plugin <= 1.4.7 - CSRF to Stored XSS vulnerability,Cross-Site Request Forgery (CSRF) vulnerability in themarketer2023 theMarketer themarketer allows Stored XSS.This issue affects theMarketer: from n/a through <= 1.4.7.
CVE-2025-32619,2025-04-09 16:09:26.688000+00:00,KeyCAPTCHA,CWE-352,7.1,0.03720561853611773,WordPress KeyCAPTCHA plugin <= 2.5.1 - CSRF to Stored XSS vulnerability,Cross-Site Request Forgery (CSRF) vulnerability in KeyCAPTCHA KeyCAPTCHA keycaptcha allows Stored XSS.This issue affects KeyCAPTCHA: from n/a through <= 2.5.1.
CVE-2025-23567,2025-01-16 20:06:21.535000+00:00,Tamer Ziady,CWE-352,7.1,0.03720561853611773,WordPress GDReseller plugin <= 1.6 - CSRF to Stored XSS vulnerability,Cross-Site Request Forgery (CSRF) vulnerability in Tamer Ziady GDReseller gdreseller allows Stored XSS.This issue affects GDReseller: from n/a through <= 1.6.
CVE-2025-30555,2025-03-24 13:46:57.556000+00:00,iiiryan,CWE-352,7.1,0.03720561853611773,WordPress WordPres 同步微博 plugin <= 1.1.0 - CSRF to Stored XSS vulnerability,Cross-Site Request Forgery (CSRF) vulnerability in iiiryan WordPres 同步微博 wp2wb allows Stored XSS.This issue affects WordPres 同步微博: from n/a through <= 1.1.0.
CVE-2025-23559,2025-01-16 20:06:22.813000+00:00,Stepan Stepasyuk,CWE-352,7.1,0.03720561853611773,WordPress MemeOne plugin <= 2.0.5 - CSRF to Stored XSS vulnerability,Cross-Site Request Forgery (CSRF) vulnerability in Stepan Stepasyuk MemeOne allows Stored XSS.This issue affects MemeOne: from n/a through 2.0.5.
CVE-2025-28933,2025-03-11 21:01:14.544000+00:00,maxfoundry,CWE-352,7.1,0.03720561853611773,WordPress MaxA/B plugin <= 2.2.2 - CSRF to Stored XSS vulnerability,Cross-Site Request Forgery (CSRF) vulnerability in maxfoundry MaxA/B maxab allows Stored XSS.This issue affects MaxA/B: from n/a through <= 2.2.2.
CVE-2025-30586,2025-03-24 13:47:13.249000+00:00,bbodine1,CWE-352,7.1,0.03720561853611773,WordPress cTabs plugin <= 1.3 - CSRF to Stored XSS Vulnerability,Cross-Site Request Forgery (CSRF) vulnerability in bbodine1 cTabs ctabs allows Stored XSS.This issue affects cTabs: from n/a through <= 1.3.
CVE-2025-30550,2025-03-24 13:46:54.959000+00:00,WPShop.ru,CWE-352,7.1,0.03720561853611773,WordPress CallPhone'r plugin <= 1.1.1 - CSRF to Stored XSS vulnerability,Cross-Site Request Forgery (CSRF) vulnerability in WPShop.ru CallPhone'r callphoner allows Stored XSS.This issue affects CallPhone'r: from n/a through <= 1.1.1.
CVE-2025-22343,2025-01-07 10:48:43.182000+00:00,koter84,CWE-352,7.1,0.03720561853611773,WordPress wpSOL plugin <= 1.2.0 - CSRF to Stored XSS vulnerability,Cross-Site Request Forgery (CSRF) vulnerability in koter84 wpSOL wpsol allows Stored XSS.This issue affects wpSOL: from n/a through <= 1.2.0.
CVE-2025-23712,2025-01-16 20:06:47.304000+00:00,kapostintegrations,CWE-352,7.1,0.03720561853611773,WordPress Kapost plugin <= 2.2.9 - CSRF to Stored XSS vulnerability,Cross-Site Request Forgery (CSRF) vulnerability in kapostintegrations Kapost kapost-byline allows Stored XSS.This issue affects Kapost: from n/a through <= 2.2.9.
CVE-2025-32645,2025-04-09 16:09:21.120000+00:00,Hiren Patel,CWE-352,7.1,0.03721713867393229,WordPress Custom Posts Order Plugin <= 4.4 - CSRF to Stored Cross Site Scripting (XSS) vulnerability,Cross-Site Request Forgery (CSRF) vulnerability in Hiren Patel Custom Posts Order custom-posts-order allows Stored XSS.This issue affects Custom Posts Order: from n/a through <= 4.4.
CVE-2025-62962,2025-10-27 01:34:12.156000+00:00,Andrea Landonio,CWE-352,7.1,0.03767222383708268,WordPress CloudSearch plugin <= 3.0.0 - Cross Site Request Forgery (CSRF) vulnerability,Cross-Site Request Forgery (CSRF) vulnerability in Andrea Landonio CloudSearch cloud-search allows Stored XSS.This issue affects CloudSearch: from n/a through <= 3.0.0.
CVE-2025-30603,2025-03-24 13:47:22.803000+00:00,DEJAN,CWE-352,7.1,0.037782644033044294,WordPress CopyLink plugin <= 1.1 - CSRF to Stored XSS vulnerability,Cross-Site Request Forgery (CSRF) vulnerability in DEJAN CopyLink copy-link allows Stored XSS.This issue affects CopyLink: from n/a through <= 1.1.
CVE-2025-46497,2025-04-24 16:08:51.811000+00:00,Navegg,CWE-352,7.1,0.03796451853453636,WordPress Navegg Analytics plugin <= 3.3.3 - Cross Site Request Forgery (CSRF) vulnerability,Cross-Site Request Forgery (CSRF) vulnerability in Navegg Navegg Analytics navegg allows Stored XSS.This issue affects Navegg Analytics: from n/a through <= 3.3.3.
CVE-2025-32501,2025-04-09 16:09:43.309000+00:00,dimafreund,CWE-352,7.1,0.03811769492484494,WordPress RentSyst plugin <= 2.0.92 - Cross Site Request Forgery (CSRF) to Stored XSS vulnerability,Cross-Site Request Forgery (CSRF) vulnerability in dimafreund Rentsyst rentsyst allows Stored XSS.This issue affects Rentsyst: from n/a through <= 2.0.92.
CVE-2025-32482,2025-04-09 16:09:53.272000+00:00,quanganhdo,CWE-352,7.1,0.03820249278334931,WordPress Custom Smilies plugin <= 1.2 - CSRF to Stored XSS vulnerability,Cross-Site Request Forgery (CSRF) vulnerability in quanganhdo Custom Smilies custom-smilies allows Stored XSS.This issue affects Custom Smilies: from n/a through <= 1.2.
CVE-2025-31458,2025-03-28 11:54:10.116000+00:00,forsgren,CWE-352,7.1,0.038417085242856454,WordPress Video Embedder plugin <= 1.7.1 - Cross Site Request Forgery (CSRF) to Stored XSS vulnerability,Cross-Site Request Forgery (CSRF) vulnerability in forsgren Video Embedder video-embedder allows Stored XSS.This issue affects Video Embedder: from n/a through <= 1.7.1.
CVE-2025-28931,2025-03-11 21:01:09.666000+00:00,DevriX,CWE-352,7.1,0.03910539684058559,WordPress WordPress Hashtags plugin <= 0.3.2 - CSRF to Stored XSS vulnerability,Cross-Site Request Forgery (CSRF) vulnerability in DevriX Hashtags wp-hashtags allows Stored XSS.This issue affects Hashtags: from n/a through <= 0.3.2.
CVE-2025-24636,2025-01-24 17:24:34.912000+00:00,Rick Laymance,CWE-352,7.1,0.039122072124716537,WordPress MachForm Shortcode plugin <= 1.4.1 - CSRF to Stored XSS vulnerability,Cross-Site Request Forgery (CSRF) vulnerability in Rick Laymance MachForm Shortcode machform-shortcode allows Stored XSS.This issue affects MachForm Shortcode: from n/a through <= 1.4.1.
CVE-2025-23618,2025-01-16 20:06:24.315000+00:00,starise,CWE-352,7.1,0.03919718667579617,WordPress Twitter Shortcode plugin <= 0.9 - CSRF to Stored Cross-Site Scripting vulnerability,Cross-Site Request Forgery (CSRF) vulnerability in starise Twitter Shortcode twitter-shortcode allows Stored XSS.This issue affects Twitter Shortcode: from n/a through <= 0.9.
CVE-2025-23690,2025-01-16 20:06:41.187000+00:00,ArtkanMedia,CWE-352,7.1,0.039240478439217366,WordPress Book a Place plugin <= 0.7.1 - CSRF to Stored XSS vulnerability,Cross-Site Request Forgery (CSRF) vulnerability in ArtkanMedia Book a Place book-a-place allows Stored XSS.This issue affects Book a Place: from n/a through <= 0.7.1.
CVE-2025-23436,2025-01-16 20:05:54.202000+00:00,capa,CWE-352,7.1,0.03989530445487938,WordPress Wp-Scribd-List plugin <= 1.2 - CSRF to XSS vulnerability,Cross-Site Request Forgery (CSRF) vulnerability in capa Wp-Scribd-List wp-scribd-list allows Stored XSS.This issue affects Wp-Scribd-List: from n/a through <= 1.2.
CVE-2025-22538,2025-01-07 14:57:24.269000+00:00,Ofek Nakar,CWE-352,7.1,0.04017376423254375,WordPress Virtual Bot Plugin <= 1.0.0 - CSRF Cross Site Scripting (XSS) vulnerability,Cross-Site Request Forgery (CSRF) vulnerability in Ofek Nakar Virtual Bot virtual-bot allows Stored XSS.This issue affects Virtual Bot: from n/a through <= 1.0.0.
CVE-2025-58690,2025-09-22 18:22:38.377000+00:00,ptibogxiv,CWE-352,7.1,0.040322638373467404,WordPress Doliconnect Plugin <= 9.5.7 - Cross Site Request Forgery (CSRF) Vulnerability,Cross-Site Request Forgery (CSRF) vulnerability in ptibogxiv Doliconnect doliconnect allows Stored XSS.This issue affects Doliconnect: from n/a through <= 9.5.7.
CVE-2025-60164,2025-09-26 08:32:02.068000+00:00,NewsMAN,CWE-352,7.1,0.040322638373467404,WordPress NewsmanApp plugin <= 2.7.7 - Cross Site Request Forgery (CSRF) vulnerability,Cross-Site Request Forgery (CSRF) vulnerability in NewsMAN NewsmanApp newsmanapp allows Stored XSS.This issue affects NewsmanApp: from n/a through <= 2.7.7.
CVE-2025-57918,2025-09-22 18:25:14.854000+00:00,ERA404,CWE-352,7.1,0.040322638373467404,WordPress LinkedInclude Plugin <= 3.0.4 - Cross Site Request Forgery (CSRF) Vulnerability,Cross-Site Request Forgery (CSRF) vulnerability in ERA404 LinkedInclude linkedinclude allows Stored XSS.This issue affects LinkedInclude: from n/a through <= 3.0.4.
CVE-2025-52781,2025-06-20 15:03:45.299000+00:00,Beee,CWE-352,7.1,0.040322638373467404,WordPress TinyNav plugin <= 1.4 - Cross Site Request Forgery (CSRF) Vulnerability,Cross-Site Request Forgery (CSRF) vulnerability in Beee TinyNav tinynav allows Stored XSS.This issue affects TinyNav: from n/a through <= 1.4.
CVE-2025-39433,2025-04-17 15:16:57.647000+00:00,beke_ro,CWE-352,7.1,0.040322638373467404,WordPress Bknewsticker plugin <= 1.0.5 - Cross Site Request Forgery (CSRF) vulnerability,Cross-Site Request Forgery (CSRF) vulnerability in beke_ro Bknewsticker bknewsticker allows Stored XSS.This issue affects Bknewsticker: from n/a through <= 1.0.5.
CVE-2025-28923,2025-03-11 21:01:04.293000+00:00,philippe,CWE-352,7.1,0.04048052288989345,WordPress No Disposable Email plugin <= 2.5.1 - CSRF to Stored XSS vulnerability,Cross-Site Request Forgery (CSRF) vulnerability in philippe No Disposable Email no-disposable-email allows Stored XSS.This issue affects No Disposable Email: from n/a through <= 2.5.1.
CVE-2025-32497,2025-04-09 16:09:45.802000+00:00,squiter,CWE-352,7.1,0.04077398900545516,WordPress Spoiler Block plugin <= 1.7 - CSRF to Stored XSS vulnerability,Cross-Site Request Forgery (CSRF) vulnerability in squiter Spoiler Block spoiler-block allows Stored XSS.This issue affects Spoiler Block: from n/a through <= 1.7.
CVE-2025-31395,2025-04-09 16:10:00.929000+00:00,a.ankit,CWE-352,7.1,0.0408132065795042,WordPress Easy Custom CSS plugin <= 1.0 - CSRF to Stored XSS vulnerability,Cross-Site Request Forgery (CSRF) vulnerability in a.ankit Easy Custom CSS easy-custom-css allows Stored XSS.This issue affects Easy Custom CSS: from n/a through <= 1.0.
CVE-2025-23510,2025-01-16 20:06:12.691000+00:00,Jan Štětina,CWE-352,7.1,0.041113313512892616,WordPress WordPress Logging Service plugin <= 1.5.4 - CSRF to Stored Cross Site Scripting (XSS) vulnerability,Cross-Site Request Forgery (CSRF) vulnerability in Jan Štětina WordPress Logging Service wordpress-logging-service allows Stored XSS.This issue affects WordPress Logging Service: from n/a through <= 1.5.4.
CVE-2025-62956,2025-10-27 01:34:10.627000+00:00,iseremet,CWE-352,7.1,0.04116101521091694,WordPress Reloadly plugin <= 2.0.1 - Cross Site Request Forgery (CSRF) vulnerability,Cross-Site Request Forgery (CSRF) vulnerability in iseremet Reloadly reloadly-topup-widget allows Stored XSS.This issue affects Reloadly: from n/a through <= 2.0.1.
CVE-2025-23665,2025-01-16 20:06:36.411000+00:00,Ravi Kumar Vanukuru,CWE-352,7.1,0.04128102820175521,WordPress RSV GMaps plugin <= 1.5 - CSRF to Stored XSS vulnerability,Cross-Site Request Forgery (CSRF) vulnerability in Ravi Kumar Vanukuru RSV GMaps rsv-google-maps allows Stored XSS.This issue affects RSV GMaps: from n/a through <= 1.5.
CVE-2025-30572,2025-03-24 13:47:06.245000+00:00,Igor Yavych,CWE-352,7.1,0.041731906981117374,WordPress Simple Rating plugin <= 1.4 - Cross Site Request Forgery (CSRF) to Stored XSS vulnerability,Cross-Site Request Forgery (CSRF) vulnerability in Igor Yavych Simple Rating simple-rating allows Stored XSS.This issue affects Simple Rating: from n/a through <= 1.4.
CVE-2025-23664,2025-01-16 20:06:31.697000+00:00,Real Seguro Viagem,CWE-352,7.1,0.041750221356221126,WordPress Real Seguro Viagem plugin <= 2.0.5 - CSRF to Stored Cross-Site Scripting vulnerability,Cross-Site Request Forgery (CSRF) vulnerability in Real Seguro Viagem Real Seguro Viagem seguro-viagem allows Stored XSS.This issue affects Real Seguro Viagem: from n/a through <= 2.0.5.
CVE-2025-32922,2025-05-15 18:11:54.301000+00:00,Saleswonder Team: Tobias,CWE-352,7.1,0.041777967188544464,WordPress WP2LEADS plugin <= 3.5.0 - Cross Site Request Forgery (CSRF) vulnerability,Cross-Site Request Forgery (CSRF) vulnerability in Saleswonder Team: Tobias WP2LEADS wp2leads allows Stored XSS.This issue affects WP2LEADS: from n/a through <= 3.5.0.
CVE-2025-23743,2025-01-16 20:06:50.367000+00:00,MartijnScheijbeler,CWE-352,7.1,0.041977006257018355,WordPress Social Analytics plugin <= 0.2 - CSRF to Stored XSS vulnerability,Cross-Site Request Forgery (CSRF) vulnerability in MartijnScheijbeler Social Analytics social-analytics allows Stored XSS.This issue affects Social Analytics: from n/a through <= 0.2.
CVE-2025-49028,2025-12-31 09:05:02.812000+00:00,Zoho Mail,CWE-352,7.1,0.042047830295310964,WordPress Zoho ZeptoMail plugin <= 3.3.1 - Cross Site Request Forgery (CSRF) to Stored XSS vulnerability,Cross-Site Request Forgery (CSRF) vulnerability in Zoho Mail Zoho ZeptoMail transmail allows Stored XSS.This issue affects Zoho ZeptoMail: from n/a through <= 3.3.1.
CVE-2025-32502,2025-04-09 16:09:42.675000+00:00,lemmentwickler,CWE-352,7.1,0.042256006195985185,WordPress ePaper Lister for Yumpu plugin <= 1.4.0 - CSRF to Stored XSS vulnerability,Cross-Site Request Forgery (CSRF) vulnerability in lemmentwickler ePaper Lister for Yumpu magazine-lister-for-yumpu allows Stored XSS.This issue affects ePaper Lister for Yumpu: from n/a through <= 1.4.0.
CVE-2025-60172,2025-09-26 08:32:09.381000+00:00,flytedesk,CWE-352,7.1,0.04246754021548525,WordPress Flytedesk Digital Plugin <= 20181101 - Cross Site Request Forgery (CSRF) Vulnerability,Cross-Site Request Forgery (CSRF) vulnerability in flytedesk Flytedesk Digital flytedesk-digital allows Stored XSS.This issue affects Flytedesk Digital: from n/a through <= 20181101.
CVE-2025-23661,2025-01-16 20:06:34.982000+00:00,ryscript,CWE-352,7.1,0.04253972211454005,WordPress NV Slider plugin <= 1.6 - CSRF to Stored Cross-Site Scripting vulnerability,Cross-Site Request Forgery (CSRF) vulnerability in ryscript NV Slider nv-slider allows Stored XSS.This issue affects NV Slider: from n/a through <= 1.6.
CVE-2025-28857,2025-03-11 21:00:30.828000+00:00,rankchecker,CWE-352,7.1,0.04267255133694472,WordPress Rankchecker.io Integration plugin <= 1.0.9 - CSRF to Stored Cross Site Scripting (XSS) vulnerability,Cross-Site Request Forgery (CSRF) vulnerability in rankchecker Rankchecker.io Integration rankchecker-io-integration allows Stored XSS.This issue affects Rankchecker.io Integration: from n/a through <= 1.0.9.
CVE-2025-32498,2025-04-09 16:09:45.214000+00:00,oleglark,CWE-352,7.1,0.04267689044187538,WordPress VKontakte Cross-Post plugin <= 0.3.2 - CSRF to Stored XSS vulnerability,Cross-Site Request Forgery (CSRF) vulnerability in oleglark VKontakte Cross-Post vkontakte-cross-post allows Stored XSS.This issue affects VKontakte Cross-Post: from n/a through <= 0.3.2.
CVE-2025-26931,2025-02-25 14:17:54.661000+00:00,Tribulant Software,CWE-352,7.1,0.04275163532279724,WordPress Tribulant Gallery Voting plugin <= 1.2.1 - CSRF to Stored XSS vulnerability,Cross-Site Request Forgery (CSRF) vulnerability in Tribulant Software Tribulant Gallery Voting gallery-voting allows Stored XSS.This issue affects Tribulant Gallery Voting: from n/a through <= 1.2.1.
CVE-2025-26910,2025-03-10 14:34:39.538000+00:00,Iqonic Design,CWE-352,7.1,0.04289141622862606,WordPress WPBookit plugin <= 1.0.1 - Cross Site Request Forgery (CSRF) Vulnerability,Cross-Site Request Forgery (CSRF) vulnerability in Iqonic Design WPBookit wpbookit allows Stored XSS.This issue affects WPBookit: from n/a through <= 1.0.1.
CVE-2025-48353,2025-08-28 12:37:05.396000+00:00,dactum,CWE-352,7.1,0.0430184573320359,WordPress Clickbank WordPress Plugin (Niche Storefront) plugin <= 1.3.5 - Cross Site Request Forgery (CSRF) to Stored XSS vulnerability,Cross-Site Request Forgery (CSRF) vulnerability in dactum Clickbank WordPress Plugin (Niche Storefront) clickbank-niche-storefronts allows Stored XSS.This issue affects Clickbank WordPress Plugin (Niche Storefront): from n/a through <= 1.3.5.
CVE-2025-30564,2025-03-24 13:47:01.824000+00:00,wpwox,CWE-352,7.1,0.04342025267972282,WordPress Custom Script Integration plugin <= - 2.1 Cross Site Request Forgery (CSRF) Vulnerability,Cross-Site Request Forgery (CSRF) vulnerability in wpwox Custom Script Integration custom-script-integration allows Stored XSS.This issue affects Custom Script Integration: from n/a through <= 2.1.
CVE-2025-23470,2025-01-16 20:05:47.881000+00:00,xavsio4,CWE-352,7.1,0.043528603577710094,WordPress Visit Site Link enhanced plugin <= 1.0 - CSRF to Stored XSS vulnerability,Cross-Site Request Forgery (CSRF) vulnerability in xavsio4 Visit Site Link enhanced visit-site-link-enhanced allows Stored XSS.This issue affects Visit Site Link enhanced: from n/a through <= 1.0.
CVE-2025-26568,2025-02-13 13:53:02.293000+00:00,jensmueller,CWE-352,7.1,0.04387588070084135,WordPress Easy Amazon Product Information plugin <= 4.0.1 - CSRF to Stored XSS vulnerability,Cross-Site Request Forgery (CSRF) vulnerability in jensmueller Easy Amazon Product Information easy-amazon-product-information allows Stored XSS.This issue affects Easy Amazon Product Information: from n/a through <= 4.0.1.
CVE-2025-26569,2025-02-13 13:53:02.863000+00:00,Callmeforsox,CWE-352,7.1,0.044254933978072036,WordPress Post Thumbs Plugin <= 1.5 - CSRF to Stored XSS vulnerability,Cross-Site Request Forgery (CSRF) vulnerability in Callmeforsox Post Thumbs allows Stored XSS. This issue affects Post Thumbs: from n/a through 1.5.
CVE-2025-48114,2025-05-16 15:45:07.460000+00:00,Shayan Farhang Pazhooh,CWE-352,7.1,0.04428757280992219,WordPress ShayanWeb Admin FontChanger plugin <= 1.9.1 - Cross Site Request Forgery (CSRF) to Stored XSS vulnerability,Cross-Site Request Forgery (CSRF) vulnerability in Shayan Farhang Pazhooh ShayanWeb Admin FontChanger shayanweb-admin-fontchanger allows Stored XSS.This issue affects ShayanWeb Admin FontChanger: from n/a through <= 1.9.1.
CVE-2025-23694,2025-01-16 20:06:43.206000+00:00,shabboscommerce,CWE-352,7.1,0.0443180226963064,WordPress Shabbos and Yom Tov plugin <= 1.9 - CSRF to Stored XSS vulnerability,Cross-Site Request Forgery (CSRF) vulnerability in shabboscommerce Shabbos and Yom Tov shabbos-and-yom-tov allows Stored XSS.This issue affects Shabbos and Yom Tov: from n/a through <= 1.9.
CVE-2025-23426,2025-01-16 20:05:58.849000+00:00,Binesh Dobhal,CWE-352,7.1,0.0443452114723991,WordPress go Social plugin <= 1.0 - CSRF to Stored Cross Site Scripting (XSS) vulnerability,Cross-Site Request Forgery (CSRF) vulnerability in Binesh Dobhal go Social go-social allows Stored XSS.This issue affects go Social: from n/a through <= 1.0.
CVE-2025-30995,2025-06-06 12:54:01.042000+00:00,OTWthemes,CWE-352,7.1,0.04447821114693947,WordPress Widgetize Pages Light plugin <= 3.0 - Cross Site Request Forgery (CSRF) to Stored XSS vulnerability,Cross-Site Request Forgery (CSRF) vulnerability in OTWthemes Widgetize Pages Light widgetize-pages-light allows Stored XSS.This issue affects Widgetize Pages Light: from n/a through <= 3.0.
CVE-2025-53312,2025-06-27 13:21:34.658000+00:00,Looks Awesome,CWE-352,7.1,0.0445539132815955,WordPress OnionBuzz plugin <= 1.0.7 - Cross Site Request Forgery (CSRF) Vulnerability,Cross-Site Request Forgery (CSRF) vulnerability in Looks Awesome OnionBuzz onionbuzz-viral-quiz allows Stored XSS.This issue affects OnionBuzz: from n/a through <= 1.0.7.
CVE-2025-31388,2025-04-09 16:10:05.955000+00:00,doa,CWE-352,7.1,0.044610226399078794,WordPress The World plugin <= 0.4 - CSRF to Stored XSS vulnerability,Cross-Site Request Forgery (CSRF) vulnerability in doa The World the-world allows Stored XSS.This issue affects The World: from n/a through <= 0.4.
CVE-2025-32623,2025-04-09 16:09:25.334000+00:00,plainware,CWE-352,7.1,0.044663260593142955,WordPress PlainInventory plugin <= 3.1.9 - CSRF to Stored XSS vulnerability,Cross-Site Request Forgery (CSRF) vulnerability in plainware PlainInventory z-inventory-manager allows Stored XSS.This issue affects PlainInventory: from n/a through <= 3.1.9.
CVE-2025-23675,2025-01-16 20:06:40.572000+00:00,Sana Ullah,CWE-352,7.1,0.044702948159723775,WordPress Import Users to MailChimp plugin <= 1.0 - CSRF to Stored XSS vulnerability,Cross-Site Request Forgery (CSRF) vulnerability in Sana Ullah Import Users to MailChimp import-users-to-mailchimp allows Stored XSS.This issue affects Import Users to MailChimp: from n/a through <= 1.0.
CVE-2025-22688,2025-02-03 14:23:52.028000+00:00,Ederson Peka,CWE-352,7.1,0.04474594183112352,WordPress Unlimited Page Sidebars plugin <= 0.2.6 - CSRF to Stored XSS vulnerability,Cross-Site Request Forgery (CSRF) vulnerability in Ederson Peka Unlimited Page Sidebars unlimited-page-sidebars allows Stored XSS.This issue affects Unlimited Page Sidebars: from n/a through <= 0.2.6.
CVE-2025-46507,2025-04-24 16:09:25.870000+00:00,ldrumm,CWE-352,7.1,0.04529850210622103,WordPress Unsafe Mimetypes plugin <= 0.1.4 - Cross Site Request Forgery (CSRF) to Stored XSS vulnerability,Cross-Site Request Forgery (CSRF) vulnerability in ldrumm Unsafe Mimetypes unsafe-mimetypes allows Stored XSS.This issue affects Unsafe Mimetypes: from n/a through <= 0.1.4.
CVE-2025-25126,2025-02-07 10:11:47.787000+00:00,zmseo,CWE-352,7.1,0.04530848703165055,WordPress ZMSEO plugin <= 1.14.1 - CSRF to Stored XSS vulnerability,Cross-Site Request Forgery (CSRF) vulnerability in zmseo ZMSEO zmseo allows Stored XSS.This issue affects ZMSEO: from n/a through <= 1.14.1.
CVE-2025-48351,2025-08-28 12:37:04.134000+00:00,PluginsPoint,CWE-352,7.1,0.045425171830455566,WordPress Kento Splash Screen plugin <= 1.4 - Cross Site Request Forgery (CSRF) to Stored XSS vulnerability,Cross-Site Request Forgery (CSRF) vulnerability in PluginsPoint Kento Splash Screen kento-splash-screen allows Stored XSS.This issue affects Kento Splash Screen: from n/a through <= 1.4.
CVE-2025-39435,2025-04-17 15:16:56.011000+00:00,davidfcarr,CWE-352,7.1,0.045532855287918866,WordPress My Marginalia plugin <= 1.0.6 - CSRF to Stored XSS vulnerability,Cross-Site Request Forgery (CSRF) vulnerability in davidfcarr My Marginalia my-marginalia allows Stored XSS.This issue affects My Marginalia: from n/a through <= 1.0.6.
CVE-2025-23533,2025-01-16 20:06:10.699000+00:00,zetxek,CWE-352,7.1,0.0455920463637226,WordPress WP Lyrics plugin <= 0.4.1 - CSRF to Stored XSS vulnerability,Cross-Site Request Forgery (CSRF) vulnerability in zetxek WP Lyrics wplyrics allows Stored XSS.This issue affects WP Lyrics: from n/a through <= 0.4.1.
CVE-2025-32505,2025-04-09 16:09:41.314000+00:00,SCAND,CWE-352,7.1,0.04559639953049698,WordPress MultiMailer plugin <= 1.0.3 - CSRF to Stored XSS vulnerability,Cross-Site Request Forgery (CSRF) vulnerability in SCAND MultiMailer scand-multi-mailer allows Stored XSS.This issue affects MultiMailer: from n/a through <= 1.0.3.
CVE-2025-39547,2025-04-16 12:44:38.197000+00:00,Toast Plugins,CWE-352,7.1,0.04572729980790397,WordPress Internal Link Optimiser plugin <= 5.1.3 - CSRF to XSS vulnerability,Cross-Site Request Forgery (CSRF) vulnerability in Toast Plugins Internal Link Optimiser internal-link-finder allows Stored XSS.This issue affects Internal Link Optimiser: from n/a through <= 5.1.3.
CVE-2025-49411,2025-08-20 08:03:45.380000+00:00,Vikas Sharma,CWE-79,7.1,0.045986687240322524,WordPress iFrame Block plugin <= 0.1.1 - Cross Site Scripting (XSS) vulnerability,Improper Neutralization of Input During Web Page Generation ('Cross-site Scripting') vulnerability in Vikas Sharma iFrame Block allows Stored XSS. This issue affects iFrame Block: from n/a through 0.1.1.
CVE-2025-31906,2025-04-01 14:52:24.422000+00:00,ProfitShare.ro,CWE-352,7.1,0.04646834126946863,WordPress WP Profitshare Plugin <= 1.4.9 - CSRF to Stored XSS vulnerability,Cross-Site Request Forgery (CSRF) vulnerability in ProfitShare.ro WP Profitshare wp-profitshare allows Stored XSS.This issue affects WP Profitshare: from n/a through <= 1.4.9.
CVE-2025-32478,2025-04-09 16:09:55.796000+00:00,Mario Aguiar,CWE-352,7.1,0.04646834126946863,WordPress WP SexyLightBox plugin <= 0.5.3 - CSRF to Stored XSS vulnerability,Cross-Site Request Forgery (CSRF) vulnerability in Mario Aguiar WP SexyLightBox wp-sexylightbox allows Stored XSS.This issue affects WP SexyLightBox: from n/a through <= 0.5.3.
CVE-2025-46524,2025-04-24 16:08:58.832000+00:00,stesvis,CWE-352,7.1,0.04648487875560841,WordPress WP Filter Post Category plugin <= 2.1.4 - Cross Site Request Forgery (CSRF) to Stored XSS vulnerability,Cross-Site Request Forgery (CSRF) vulnerability in stesvis WP Filter Post Category wp-filter-post-categories allows Stored XSS.This issue affects WP Filter Post Category: from n/a through <= 2.1.4.
CVE-2025-32481,2025-04-09 16:09:53.874000+00:00,ninotheme,CWE-352,7.1,0.047249666643932514,WordPress Nino Social Connect plugin <= 2.0 - CSRF to Stored XSS vulnerability,Cross-Site Request Forgery (CSRF) vulnerability in ninotheme Nino Social Connect nino-social-connect allows Stored XSS.This issue affects Nino Social Connect: from n/a through <= 2.0.
CVE-2025-48238,2025-05-19 14:44:52.236000+00:00,awcode,CWE-352,7.1,0.047384846462866906,WordPress AWcode Toolkit plugin <= 1.0.18 - Cross Site Request Forgery (CSRF) to Stored XSS vulnerability,Cross-Site Request Forgery (CSRF) vulnerability in awcode AWcode Toolkit awcode-toolkit allows Stored XSS.This issue affects AWcode Toolkit: from n/a through <= 1.0.18.
